node_id,row_indices
cube13_cluster0,2874
cube13_cluster1,2838
cube13_cluster2,1820
cube14_cluster0,2874
cube14_cluster1,2838
cube14_cluster2,1820
cube15_cluster0,2874
cube15_cluster1,2838
cube15_cluster2,1820
cube16_cluster0,2874
cube16_cluster1,2838
cube16_cluster2,1820
cube20_cluster0,"1820,2311,2874"
cube20_cluster1,682
cube20_cluster2,2838
cube21_cluster0,"2413,2838"
cube21_cluster1,682
cube21_cluster2,"1820,2311,2874"
cube22_cluster0,"2413,2838"
cube22_cluster1,682
cube22_cluster2,"1820,2311,2874"
cube23_cluster0,"2413,2838"
cube23_cluster1,682
cube23_cluster2,"1820,2874"
cube30_cluster0,"1820,2311,2874"
cube30_cluster1,682
cube30_cluster2,"2540,2838"
cube31_cluster0,"2413,2540,2838"
cube31_cluster1,"666,682"
cube31_cluster2,"1820,2311,2874"
cube32_cluster0,"2413,2540,2838"
cube32_cluster1,"666,682"
cube32_cluster2,"1820,2311,2874"
cube33_cluster0,"2413,2838"
cube33_cluster1,"666,682"
cube33_cluster2,"1820,2874"
cube39_cluster0,"284,1190,2540"
cube39_cluster1,2389
cube39_cluster2,422
cube40_cluster0,"284,422,1190,2311,2389,2540"
cube40_cluster1,682
cube40_cluster2,"2788,2874"
cube41_cluster0,"2413,2788,2874"
cube41_cluster1,"666,682"
cube41_cluster2,"284,422,1190,2311,2389,2540"
cube42_cluster0,"284,422,2311,2540,2788,2874"
cube42_cluster1,"666,682"
cube42_cluster2,2413
cube43_cluster0,"666,682"
cube43_cluster1,2874
cube43_cluster2,2413
cube49_cluster0,"1972,2092,2834"
cube49_cluster1,"2046,2047"
cube49_cluster2,"2461,2753,2861"
cube50_cluster0,"284,422,1190,1972,2092,2540,2834"
cube50_cluster1,"2046,2047"
cube50_cluster2,"2389,2461,2753,2861"
cube51_cluster0,"284,422,1190,1972,2092,2389,2461,2540,2753,2788,2834,2861"
cube51_cluster1,682
cube51_cluster2,"2046,2047"
cube52_cluster0,"284,422,1190,1972,2092,2389,2461,2540,2753,2788,2834,2861"
cube52_cluster1,"666,682"
cube52_cluster2,"2046,2047"
cube53_cluster0,"284,422,2540"
cube53_cluster1,"666,682"
cube53_cluster2,2788
cube58_cluster0,"2166,2369,2429,2461,2486,2729,2734,2740,2753,2790,2815,2861"
cube58_cluster1,"670,2046,2047"
cube58_cluster2,"978,1426,1482,1972,2092,2103,2341,2834"
cube59_cluster0,"978,1190,1426,1482,1972,2092,2103,2105,2166,2341,2369,2389,2461,2734,2740,2743,2753,2796,2815,2834,2861"
cube59_cluster1,"284,422,904,1499,2429,2441,2486,2540,2729,2790"
cube59_cluster2,"670,972,2046,2047"
cube60_cluster0,"904,978,1190,1426,1482,1972,2092,2103,2105,2166,2341,2369,2389,2441,2461,2734,2740,2743,2753,2788,2796,2815,2834,2861"
cube60_cluster1,"284,422,1499,2429,2486,2540,2729,2790"
cube60_cluster2,"670,972,2046,2047"
cube61_cluster0,"666,670,972,2046,2047"
cube61_cluster1,"904,978,1190,1426,1972,2092,2103,2105,2341,2369,2389,2441,2461,2743,2753,2788,2796,2815,2834,2861"
cube61_cluster2,"284,422,1499,2540,2729,2790"
cube62_cluster0,"284,422,2540"
cube62_cluster1,666
cube62_cluster2,2788
cube64_cluster0,"584,978,1056,1426,1482,1972,2092,2103,2104,2166,2341,2369,2394,2458,2461,2753,2777,2799,2815,2834,2861"
cube64_cluster1,"471,670,1006,1009,2046,2047"
cube64_cluster2,"708,1573,2091,2429,2466,2486,2729,2734,2740,2790"
cube65_cluster0,"398,584,904,978,1056,1190,1426,1482,1972,2011,2092,2103,2104,2105,2166,2341,2369,2394,2441,2458,2461,2743,2753,2777,2796,2799,2815,2834,2861"
cube65_cluster1,"471,579,670,972,1006,1009,2046,2047"
cube65_cluster2,"422,660,708,1499,1573,2091,2389,2429,2466,2486,2729,2734,2740,2790"
cube66_cluster0,"398,584,904,978,1056,1190,1426,1482,1972,2011,2092,2103,2104,2105,2166,2341,2369,2394,2441,2458,2461,2743,2753,2777,2788,2796,2799,2815,2834,2861"
cube66_cluster1,"471,579,670,972,1006,1009,2046,2047"
cube66_cluster2,"422,660,708,1499,1573,2091,2389,2429,2466,2486,2729,2734,2740,2790"
cube67_cluster0,"422,660,708,904,1499,1573,2011,2091,2441,2729,2790"
cube67_cluster1,"398,584,978,1190,1426,1972,2092,2103,2104,2105,2341,2369,2389,2458,2461,2743,2753,2788,2796,2815,2834,2861"
cube67_cluster2,"579,670,972,2046,2047"
cube69_cluster0,"978,1056,1081,1482,1518,1884,2103,2104,2166,2168,2341,2346,2369,2394,2398,2435,2458,2461,2533,2556,2777,2782,2799,2815,2860"
cube69_cluster1,"235,471,670,788,1006,1009,1372,1872,2337"
cube69_cluster2,"584,708,1082,1426,1573,1806,1960,2091,2429,2466,2486,2729,2734,2740,2790,2881"
cube70_cluster0,"584,660,708,904,959,1082,1426,1499,1573,1806,1960,2011,2091,2429,2441,2466,2486,2729,2734,2740,2790,2881"
cube70_cluster1,"235,471,579,670,788,972,1006,1009,1372,1872,2337"
cube70_cluster2,"398,978,1056,1081,1482,1518,1884,2103,2104,2105,2166,2168,2223,2302,2341,2346,2369,2394,2398,2435,2458,2461,2533,2556,2743,2777,2782,2796,2799,2815,2860"
cube71_cluster0,"398,584,660,708,978,1056,1081,1082,1426,1482,1499,1518,1573,1806,1884,1960,2091,2103,2104,2105,2166,2168,2223,2302,2341,2346,2369,2394,2398,2429,2435,2458,2461,2466,2486,2533,2556,2729,2734,2740,2743,2777,2782,2790,2796,2799,2815,2860,2881"
cube71_cluster1,"235,471,579,670,788,972,1006,1009,1372,1872,2337"
cube71_cluster2,"904,934,959,2011,2441"
cube72_cluster0,"235,398,579,670,972,978,1872,2103,2104,2105,2223,2302,2337,2341,2458,2796"
cube72_cluster1,"584,660,708,1082,1426,1499,1573,2091,2369,2461,2533,2556,2729,2743,2790,2815,2881"
cube72_cluster2,"904,934,959,2011,2441"
cube73_cluster0,1837
cube73_cluster1,959
cube73_cluster2,934
cube77_cluster0,"38,235,1006,1009,1100,1372,1439,1872,1917,2007,2337"
cube77_cluster1,"348,584,603,708,738,1056,1081,1082,1373,1442,1470,1482,1518,1570,1573,1623,1683,1806,1884,1960,2091,2103,2104,2110,2142,2168,2316,2346,2369,2385,2394,2398,2429,2435,2452,2453,2458,2466,2533,2556,2598,2617,2618,2636,2710,2732,2740,2777,2778,2782,2799,2804,2829,2860,2868,2881"
cube77_cluster2,"413,471,711,713,788,1877"
cube78_cluster0,"398,584,738,959,1056,1081,1373,1442,1470,1482,1518,1623,1683,1884,2011,2103,2104,2110,2142,2168,2223,2302,2316,2346,2369,2385,2394,2398,2435,2452,2453,2458,2533,2556,2598,2618,2636,2710,2732,2777,2778,2782,2799,2804,2829,2860,2868"
cube78_cluster1,"38,235,413,471,579,711,713,788,1006,1009,1100,1372,1439,1872,1877,1917,2007,2337"
cube78_cluster2,"348,603,660,708,1082,1570,1573,1806,1960,2091,2429,2466,2617,2740,2881"
cube79_cluster0,"38,235,260,413,471,579,711,713,788,1006,1009,1100,1372,1439,1872,1877,1917,2007,2337"
cube79_cluster1,"239,348,398,584,603,660,708,738,1056,1081,1082,1373,1442,1470,1482,1518,1570,1573,1623,1683,1806,1884,1960,2091,2103,2104,2110,2142,2168,2223,2302,2316,2346,2369,2385,2394,2398,2429,2435,2452,2453,2458,2466,2533,2556,2598,2617,2618,2636,2710,2732,2740,2777,2778,2782,2799,2804,2829,2860,2868,2881"
cube79_cluster2,"934,959,2011"
cube80_cluster0,"239,398,584,660,708,1082,1573,1917,2091,2103,2104,2223,2302,2316,2369,2458,2533,2556,2881"
cube80_cluster1,"235,260,579,1872,1877,2337"
cube80_cluster2,"934,959,2011"
cube81_cluster0,"239,260"
cube81_cluster1,1837
cube81_cluster2,"934,959"
cube85_cluster0,"173,348,449,479,584,603,612,622,708,738,873,1027,1082,1282,1373,1376,1442,1470,1518,1570,1623,1806,1818,1862,1884,1918,1957,1960,1967,2027,2168,2316,2346,2348,2385,2398,2435,2447,2453,2466,2533,2556,2592,2598,2617,2618,2626,2636,2638,2692,2710,2732,2741,2776,2777,2778,2782,2829,2868,2881"
cube85_cluster1,"38,235,413,445,711,713,788,1099,1100,1877"
cube85_cluster2,"402,1006,1009,1081,1350,1372,1439,1444,1484,1638,1683,1872,1917,2007,2110,2142,2337,2452,2526,2580,2803,2804,2860,2872"
cube86_cluster0,"373,402,413,445,711,713,788,959,1006,1009,1099,1100,1372,1439,1444,1484,1638,1872,1877,1917,2007,2337,2580"
cube86_cluster1,"173,348,449,479,584,603,612,622,708,738,873,1027,1081,1082,1282,1350,1373,1376,1442,1470,1518,1570,1623,1683,1806,1818,1862,1884,1918,1957,1960,1967,2027,2110,2142,2168,2223,2302,2316,2346,2348,2385,2398,2435,2447,2452,2453,2466,2526,2533,2556,2592,2598,2617,2618,2626,2636,2638,2692,2710,2732,2741,2776,2777,2778,2782,2803,2804,2829,2860,2868,2872,2881"
cube86_cluster2,"38,235,381"
cube87_cluster0,"173,239,348,381,449,479,584,603,708,738,873,1027,1081,1082,1282,1350,1373,1376,1442,1470,1518,1570,1623,1683,1806,1818,1862,1884,1918,1957,1960,1967,2027,2110,2142,2168,2223,2302,2316,2346,2348,2385,2398,2435,2447,2452,2453,2466,2526,2533,2556,2592,2598,2617,2618,2626,2636,2638,2692,2710,2732,2741,2776,2777,2778,2782,2803,2804,2829,2860,2868,2872,2881"
cube87_cluster1,"38,235,260,402,413,445,711,713,788,1006,1009,1099,1100,1372,1439,1444,1484,1638,1872,1877,1917,2007,2337,2580"
cube87_cluster2,"373,934,959"
cube88_cluster0,"235,239,260,381,1872,1877,1917,2337"
cube88_cluster1,"479,584,708,1082,2223,2302,2316,2533,2556,2881"
cube88_cluster2,"373,934,959"
cube89_cluster0,"239,260,381"
cube89_cluster1,1837
cube89_cluster2,"373,934,959"
cube97_cluster0,"15,31,38,42,65,230,235,256,311,371,413,445,509,596,680,711,713,763,1013,1099,1100,1877,2611"
cube97_cluster1,"11,40,173,348,402,449,479,537,603,608,612,614,615,622,623,624,625,629,630,631,632,634,638,639,677,685,738,873,936,943,946,964,1010,1017,1027,1209,1327,1350,1376,1382,1385,1405,1414,1439,1442,1444,1470,1484,1513,1570,1593,1623,1628,1638,1639,1651,1683,1748,1797,1818,1862,1889,1897,1898,1917,1920,1967,2007,2025,2027,2045,2050,2065,2110,2119,2121,2122,2131,2142,2177,2188,2214,2316,2343,2373,2381,2392,2415,2435,2444,2447,2452,2453,2506,2526,2541,2556,2557,2564,2580,2582,2583,2592,2598,2616,2617,2618,2626,2636,2638,2661,2665,2710,2732,2776,2778,2803,2804,2819,2829,2860,2868,2872,2873,2881"
cube97_cluster2,"1107,1282,1373,1409,1886,1918,1957,2348,2385,2388,2433,2482,2505,2511,2692,2741,2782,2807,2842,2876,2883"
cube98_cluster0,"15,31,38,42,65,162,230,235,256,311,371,373,381,413,445,509,596,680,711,713,763,1013,1099,1100,1358,1877,2611"
cube98_cluster1,"11,40,173,348,402,449,479,537,603,608,612,614,615,622,623,624,625,629,630,631,632,634,638,639,677,685,738,873,936,943,946,964,1010,1017,1027,1209,1327,1350,1376,1382,1385,1405,1414,1439,1442,1444,1470,1484,1513,1570,1593,1623,1628,1638,1639,1651,1683,1748,1797,1818,1862,1889,1897,1898,1917,1920,1967,2007,2025,2027,2045,2050,2065,2110,2119,2121,2122,2131,2142,2177,2188,2214,2316,2343,2373,2381,2392,2415,2435,2444,2447,2452,2453,2506,2526,2541,2556,2557,2564,2580,2582,2583,2592,2598,2616,2617,2618,2626,2636,2638,2661,2665,2710,2732,2776,2778,2803,2804,2819,2829,2860,2868,2872,2873,2881"
cube98_cluster2,"308,1107,1282,1373,1409,1886,1918,1957,2348,2385,2388,2433,2482,2505,2511,2692,2741,2782,2807,2842,2876,2883"
cube99_cluster0,"11,40,173,239,348,402,449,479,481,537,603,608,677,685,738,873,936,943,946,964,1010,1017,1027,1107,1209,1282,1327,1350,1373,1376,1382,1385,1405,1409,1414,1439,1442,1444,1470,1484,1513,1570,1593,1623,1628,1638,1639,1651,1683,1748,1797,1818,1862,1886,1889,1897,1898,1917,1918,1920,1957,1967,2007,2025,2027,2045,2050,2065,2110,2119,2121,2122,2131,2142,2177,2188,2214,2316,2343,2348,2373,2381,2385,2388,2392,2415,2433,2435,2444,2447,2452,2453,2482,2505,2506,2511,2526,2541,2556,2557,2564,2580,2582,2583,2592,2598,2616,2617,2618,2626,2636,2638,2661,2665,2692,2710,2732,2741,2776,2778,2782,2803,2804,2807,2819,2829,2842,2860,2868,2872,2873,2876,2881,2883"
cube99_cluster1,"15,31,38,65,162,230,235,256,260,311,371,373,381,413,445,509,596,680,711,713,763,1013,1099,1100,1358,1877,2611"
cube99_cluster2,"45,308"
cube100_cluster0,"162,235,239,260,373,381,479,481,596,677,1358,1877,1917,2316,2388,2556,2881"
cube100_cluster1,"45,308"
cube100_cluster2,"749,1620"
cube101_cluster0,"45,239,260,373,381,481"
cube101_cluster1,1837
cube101_cluster2,"749,1620"
cube102_cluster0,"749,1620"
cube102_cluster1,1837
cube102_cluster2,481
cube109_cluster0,"5,6,7,14,15,16,21,22,25,30,31,38,42,53,65,82,119,120,149,153,230,256,311,352,371,426,445,455,508,509,596,620,680,713,730,763,775,805,853,1013,1038,1058,1099,1112,1512,1568,2547,2611"
cube109_cluster1,"11,40,135,173,186,402,425,449,479,537,603,608,612,613,614,615,622,623,624,625,629,630,631,632,634,638,639,677,685,793,827,865,889,936,964,966,1010,1011,1017,1027,1060,1209,1327,1350,1376,1380,1382,1404,1414,1423,1431,1437,1439,1444,1480,1484,1513,1553,1588,1601,1628,1638,1639,1651,1660,1716,1747,1748,1797,1809,1818,1862,1877,1882,1889,1897,1898,1903,1915,1952,1977,1992,2006,2010,2025,2027,2045,2050,2065,2110,2121,2123,2131,2142,2176,2177,2188,2197,2199,2214,2231,2343,2373,2381,2415,2444,2447,2452,2499,2506,2526,2538,2541,2557,2564,2580,2582,2583,2592,2598,2616,2617,2618,2626,2630,2638,2645,2650,2661,2665,2735,2742,2744,2775,2776,2804,2827,2829,2868,2872,2873"
cube109_cluster2,"19,353,539,594,756,873,890,943,946,1085,1107,1187,1282,1373,1378,1384,1385,1405,1409,1570,1593,1857,1886,1918,1920,1957,1967,2115,2119,2122,2202,2303,2348,2371,2379,2388,2392,2420,2433,2440,2455,2459,2469,2482,2505,2511,2603,2657,2677,2692,2726,2741,2749,2803,2807,2819,2822,2842,2870,2876,2883"
cube110_cluster0,"5,6,7,14,15,16,21,22,25,30,31,38,42,53,65,82,119,120,149,153,162,230,256,311,352,371,373,426,445,455,508,509,596,620,680,713,730,763,775,805,853,1013,1038,1058,1099,1112,1358,1512,1568,2547,2611"
cube110_cluster1,"11,40,135,173,186,381,402,425,449,479,537,603,608,612,613,614,615,622,623,624,625,629,630,631,632,634,638,639,677,685,793,827,865,889,936,964,966,1010,1011,1017,1027,1060,1209,1327,1350,1376,1380,1382,1404,1414,1423,1431,1437,1439,1444,1480,1484,1513,1553,1588,1601,1628,1638,1639,1651,1660,1716,1747,1748,1797,1809,1818,1862,1877,1882,1889,1897,1898,1903,1915,1952,1977,1992,2006,2010,2025,2027,2045,2050,2065,2110,2121,2123,2131,2142,2176,2177,2188,2197,2199,2214,2231,2343,2373,2381,2415,2444,2447,2452,2499,2506,2526,2538,2541,2557,2564,2580,2582,2583,2592,2598,2616,2617,2618,2626,2630,2638,2645,2650,2661,2665,2735,2742,2744,2775,2776,2804,2827,2829,2868,2872,2873"
cube110_cluster2,"19,308,353,539,594,756,873,890,943,946,1085,1107,1187,1282,1373,1378,1384,1385,1405,1409,1570,1593,1654,1857,1886,1918,1920,1957,1967,2115,2119,2122,2202,2303,2348,2371,2379,2388,2392,2420,2433,2440,2455,2459,2469,2482,2505,2511,2603,2657,2677,2692,2726,2741,2749,2803,2807,2819,2822,2842,2870,2876,2883"
cube111_cluster0,"15,31,38,45,53,65,162,230,256,308,311,371,373,426,445,455,508,509,596,620,680,713,730,763,775,805,1013,1038,1058,1099,1112,1358,1512,1877,2547,2611"
cube111_cluster1,"11,40,135,173,186,239,260,381,402,425,449,479,537,603,608,677,685,793,827,865,889,936,964,966,1010,1011,1017,1027,1060,1209,1327,1350,1376,1380,1382,1404,1414,1423,1431,1437,1439,1444,1480,1484,1513,1553,1588,1601,1628,1638,1639,1651,1660,1716,1747,1748,1797,1809,1818,1862,1882,1889,1897,1898,1903,1915,1952,1977,1992,2006,2010,2025,2027,2045,2050,2065,2110,2121,2123,2131,2142,2176,2177,2188,2197,2199,2214,2231,2343,2373,2381,2415,2444,2447,2452,2499,2506,2526,2538,2541,2557,2564,2580,2582,2583,2592,2598,2616,2617,2618,2626,2630,2638,2645,2650,2661,2665,2735,2742,2744,2775,2776,2804,2827,2829,2868,2872,2873"
cube111_cluster2,"19,353,481,539,594,756,873,890,943,946,1085,1107,1187,1282,1373,1378,1384,1385,1405,1409,1570,1593,1654,1857,1886,1918,1920,1957,1967,2115,2119,2122,2202,2303,2348,2371,2379,2388,2392,2420,2433,2440,2455,2459,2469,2482,2505,2511,2603,2657,2677,2692,2726,2741,2749,2803,2807,2819,2822,2842,2870,2876,2883"
cube112_cluster0,"162,239,260,373,381,479,481,596,677,1358,1654,1877,2010,2388"
cube112_cluster1,"45,308"
cube112_cluster2,"749,1620"
cube113_cluster0,"239,260,373,381,481"
cube113_cluster1,"749,1620"
cube113_cluster2,45
cube114_cluster0,1620
cube114_cluster1,481
cube114_cluster2,749
cube119_cluster0,"1,2,3,4,5,6,7,10,12,13,14,15,16,20,21,22,23,25,26,29,30,31,33,42,50,52,53,61,62,65,78,82,84,111,118,119,120,146,149,150,153,157,159,175,190,230,233,234,256,261,276,304,311,342,343,352,371,372,399,426,445,453,455,508,509,529,546,560,585,596,617,618,620,637,680,730,731,763,775,795,805,818,853,970,1013,1037,1039,1086,1112,1512,1568,1571,1600,1803,1923,2277,2547,2611"
cube119_cluster1,"11,40,135,173,186,200,236,341,345,383,402,423,425,429,441,444,448,449,463,507,537,564,569,589,590,605,608,612,613,614,615,622,623,624,625,626,629,630,631,632,634,638,639,677,685,712,751,765,793,797,806,807,813,865,936,964,966,981,1000,1010,1011,1017,1026,1027,1038,1052,1058,1060,1106,1195,1209,1261,1284,1327,1342,1359,1380,1382,1385,1389,1404,1413,1423,1431,1433,1437,1446,1480,1492,1513,1519,1539,1553,1562,1572,1588,1601,1628,1639,1651,1660,1668,1680,1716,1717,1736,1747,1748,1797,1882,1886,1889,1893,1897,1898,1900,1903,1908,1915,1920,1942,1952,1970,1973,1977,1978,1981,1992,1998,2006,2010,2025,2034,2045,2050,2065,2099,2121,2123,2131,2153,2163,2176,2177,2188,2197,2199,2202,2206,2209,2213,2214,2229,2231,2274,2280,2303,2343,2350,2371,2373,2379,2381,2387,2415,2437,2444,2447,2456,2469,2499,2500,2506,2509,2535,2538,2541,2542,2557,2560,2564,2580,2582,2583,2616,2626,2630,2645,2647,2650,2654,2661,2665,2669,2671,2700,2735,2742,2744,2746,2770,2786,2794,2803,2807,2820,2824,2827,2831,2842,2848,2853,2873"
cube119_cluster2,"19,237,281,353,539,594,756,791,816,827,889,890,943,946,949,962,1077,1085,1093,1107,1187,1251,1317,1331,1341,1368,1378,1384,1387,1388,1392,1405,1409,1414,1589,1593,1659,1661,1690,1769,1809,1816,1822,1853,1854,1857,1869,1880,1928,1953,1967,1995,2115,2119,2122,2194,2200,2300,2327,2347,2348,2380,2384,2388,2392,2405,2420,2424,2433,2436,2440,2454,2455,2459,2478,2481,2482,2505,2511,2603,2651,2656,2657,2677,2707,2709,2716,2724,2726,2727,2736,2749,2752,2775,2780,2819,2822,2862,2865,2870,2875,2876,2883"
cube120_cluster0,"1,2,3,4,5,6,7,10,12,13,14,15,16,20,21,22,23,25,26,29,30,31,33,42,50,52,53,61,62,65,78,82,84,111,118,119,120,146,149,150,153,157,159,162,175,190,230,233,234,256,261,276,304,311,342,343,352,371,372,399,426,445,453,455,508,509,529,546,560,585,596,617,618,620,637,680,730,731,763,775,805,818,853,970,1013,1037,1039,1086,1112,1358,1512,1568,1571,1600,1803,1923,2277,2547,2611"
cube120_cluster1,"11,40,135,173,186,200,236,308,341,345,383,402,423,425,429,441,444,448,449,463,507,537,563,564,569,589,590,605,608,612,613,614,615,622,623,624,625,626,629,630,631,632,634,638,639,677,685,712,751,765,793,797,806,807,813,865,936,964,966,981,1000,1010,1011,1017,1026,1027,1038,1052,1058,1060,1106,1195,1209,1261,1284,1327,1342,1359,1380,1382,1385,1389,1404,1413,1423,1431,1433,1437,1446,1480,1492,1513,1519,1539,1553,1562,1572,1588,1601,1628,1639,1651,1660,1668,1680,1716,1717,1736,1747,1748,1797,1882,1886,1889,1893,1897,1898,1900,1903,1908,1915,1920,1942,1952,1970,1973,1977,1978,1981,1992,1998,2006,2010,2025,2034,2045,2050,2065,2099,2121,2123,2131,2153,2163,2176,2177,2188,2197,2199,2202,2206,2209,2213,2214,2229,2231,2274,2280,2303,2343,2350,2371,2373,2379,2381,2387,2415,2437,2444,2447,2456,2469,2499,2500,2506,2509,2535,2538,2541,2542,2557,2560,2564,2580,2582,2583,2616,2626,2630,2645,2647,2650,2654,2661,2665,2669,2671,2700,2735,2742,2744,2746,2770,2786,2794,2803,2807,2820,2824,2827,2831,2842,2848,2853,2873"
cube120_cluster2,"19,237,281,353,539,594,756,791,795,816,827,889,890,943,946,949,962,1077,1085,1093,1107,1187,1251,1317,1331,1341,1368,1378,1384,1387,1388,1392,1405,1409,1414,1589,1593,1654,1659,1661,1690,1769,1809,1816,1822,1853,1854,1857,1869,1880,1928,1953,1967,1995,2115,2119,2122,2194,2200,2300,2327,2347,2348,2380,2384,2388,2392,2405,2420,2424,2433,2436,2440,2454,2455,2459,2478,2481,2482,2505,2511,2603,2651,2656,2657,2677,2707,2709,2716,2724,2726,2727,2736,2749,2752,2775,2780,2819,2822,2862,2865,2870,2875,2876,2883"
cube121_cluster0,"19,40,135,173,186,200,236,237,281,341,353,383,402,423,425,429,441,444,448,449,463,481,507,537,539,569,589,590,594,608,626,677,685,712,751,756,791,793,795,797,806,807,813,816,827,865,889,890,936,943,946,949,962,964,966,981,1000,1010,1011,1017,1026,1027,1038,1052,1058,1060,1077,1085,1093,1106,1107,1187,1195,1209,1251,1284,1317,1327,1331,1341,1342,1359,1368,1378,1380,1382,1384,1385,1387,1388,1389,1392,1404,1405,1409,1413,1414,1423,1431,1433,1437,1446,1480,1492,1513,1519,1539,1553,1572,1588,1589,1593,1601,1628,1639,1651,1654,1659,1660,1661,1668,1680,1690,1716,1717,1736,1747,1748,1769,1797,1809,1816,1822,1853,1857,1869,1882,1886,1889,1893,1897,1898,1900,1903,1908,1915,1920,1928,1942,1952,1967,1970,1977,1978,1981,1992,1998,2006,2010,2025,2034,2045,2050,2065,2115,2119,2121,2122,2123,2131,2153,2163,2176,2177,2188,2194,2197,2199,2202,2206,2213,2214,2229,2231,2274,2280,2300,2303,2327,2343,2347,2348,2350,2371,2373,2379,2381,2384,2388,2392,2405,2415,2420,2424,2433,2436,2437,2440,2444,2447,2454,2455,2456,2459,2469,2478,2481,2482,2499,2505,2506,2509,2511,2535,2538,2541,2542,2557,2560,2564,2580,2582,2583,2603,2616,2626,2630,2645,2647,2650,2651,2654,2656,2657,2661,2665,2669,2671,2677,2700,2707,2709,2716,2724,2726,2735,2736,2742,2744,2746,2749,2752,2770,2775,2780,2794,2803,2807,2819,2820,2822,2824,2827,2842,2848,2862,2865,2870,2873,2875,2876,2883"
cube121_cluster1,"11,15,31,53,65,159,162,230,256,261,304,311,345,371,372,399,426,445,455,508,509,546,596,618,620,680,730,763,775,805,818,970,1013,1039,1112,1358,1512,1571,1600,1803,1923,2099,2277,2547,2611,2853"
cube121_cluster2,"45,308,563,564,605,1562"
cube122_cluster0,"162,481,596,677,795,1358,1562,1654,2010,2388"
cube122_cluster1,"45,308,563,564"
cube122_cluster2,"749,1620"
cube123_cluster0,"749,1620"
cube123_cluster1,481
cube123_cluster2,45
cube124_cluster0,1620
cube124_cluster1,481
cube124_cluster2,749
cube129_cluster0,"19,40,99,135,143,152,178,186,191,200,236,237,269,281,301,340,341,345,353,356,383,421,423,425,429,435,441,448,451,461,463,507,528,535,536,539,562,564,569,575,594,605,607,613,626,633,634,685,751,756,765,771,773,774,791,793,797,806,807,816,824,827,843,855,889,890,891,892,893,897,899,907,908,911,917,921,933,938,946,947,949,951,953,962,966,981,1011,1020,1026,1028,1052,1060,1077,1084,1085,1106,1143,1162,1164,1170,1184,1187,1195,1219,1227,1247,1251,1254,1261,1284,1285,1303,1313,1317,1326,1327,1331,1339,1341,1342,1346,1347,1351,1357,1359,1360,1368,1371,1375,1378,1380,1384,1387,1388,1392,1404,1405,1413,1415,1423,1425,1437,1446,1454,1480,1483,1485,1492,1514,1519,1539,1542,1546,1553,1562,1566,1572,1585,1589,1591,1593,1601,1604,1659,1660,1661,1663,1668,1680,1681,1684,1690,1716,1717,1726,1727,1736,1747,1751,1769,1773,1774,1790,1796,1797,1809,1816,1822,1833,1842,1849,1853,1854,1857,1869,1875,1880,1882,1887,1888,1889,1893,1894,1897,1899,1900,1903,1908,1909,1915,1916,1919,1923,1925,1926,1928,1930,1942,1944,1951,1953,1956,1961,1973,1977,1978,1995,1998,2001,2006,2010,2015,2025,2034,2039,2045,2070,2101,2107,2111,2115,2119,2121,2122,2123,2140,2145,2146,2148,2153,2163,2175,2176,2194,2197,2199,2200,2202,2204,2206,2209,2213,2214,2217,2224,2229,2231,2243,2252,2267,2274,2280,2281,2285,2291,2300,2303,2327,2338,2343,2347,2350,2371,2373,2376,2378,2379,2380,2384,2386,2387,2388,2399,2405,2408,2411,2412,2419,2420,2424,2433,2436,2437,2439,2440,2450,2454,2455,2456,2459,2462,2469,2477,2478,2479,2481,2489,2490,2491,2499,2500,2507,2509,2514,2516,2519,2522,2527,2530,2534,2538,2542,2548,2560,2569,2575,2583,2603,2612,2613,2625,2630,2635,2641,2645,2647,2650,2651,2654,2656,2657,2661,2666,2669,2671,2677,2700,2707,2709,2711,2712,2716,2724,2726,2727,2728,2730,2733,2735,2736,2742,2744,2746,2749,2752,2764,2768,2771,2772,2775,2780,2785,2792,2794,2822,2824,2827,2831,2845,2846,2848,2850,2854,2856,2862,2864,2865,2870,2871,2875,2878,2883"
cube129_cluster1,"0,1,2,3,4,5,6,7,8,9,10,12,13,14,15,16,17,18,20,21,22,23,24,25,26,27,29,30,31,33,35,36,37,41,42,43,44,46,49,50,51,52,53,54,61,62,63,64,75,78,80,81,82,84,86,91,111,112,114,115,118,119,120,140,146,147,149,150,153,157,159,168,175,190,192,196,201,203,206,213,215,225,233,234,240,245,254,255,266,267,270,275,278,289,297,302,304,314,316,318,325,342,343,344,352,363,426,427,437,442,453,455,464,492,495,504,560,581,585,586,611,617,620,637,684,715,741,795,805,850,851,853,894,963,1021,1086,1101,1233,1270,1275,1330,1397,1399,1401,1421,1547,1552,1830,1876,2130,2266,2391,2432,2512"
cube129_cluster2,"230,261,276,286,303,324,371,372,382,399,404,419,420,444,480,483,508,509,529,546,547,589,590,604,618,651,712,730,731,740,775,813,818,836,865,886,970,971,980,1000,1002,1013,1035,1037,1038,1039,1044,1058,1063,1093,1112,1161,1239,1252,1295,1349,1389,1402,1419,1424,1431,1433,1440,1456,1473,1500,1512,1515,1523,1525,1556,1568,1571,1582,1588,1598,1600,1714,1724,1725,1784,1803,1817,1821,1859,1885,1924,1952,1954,1970,1981,1992,2018,2053,2099,2100,2108,2171,2261,2277,2366,2498,2515,2528,2535,2545,2546,2547,2581,2589,2649,2681,2689,2701,2718,2754,2770,2786,2820,2836,2853,2882"
cube130_cluster0,"19,40,99,135,143,152,178,186,191,200,236,237,269,281,301,308,340,341,345,353,356,383,421,423,425,429,435,441,448,451,461,463,507,528,535,536,539,562,563,564,569,575,594,605,607,613,626,633,634,685,751,756,765,771,773,774,791,793,795,797,806,807,816,824,827,843,855,889,890,891,892,893,897,899,907,908,911,917,921,933,938,946,947,949,951,953,962,966,981,1011,1020,1026,1028,1052,1060,1077,1084,1085,1106,1143,1162,1164,1170,1184,1187,1195,1219,1227,1247,1251,1254,1261,1284,1285,1303,1313,1317,1326,1327,1331,1339,1341,1342,1346,1347,1351,1357,1359,1360,1368,1371,1375,1378,1380,1384,1387,1388,1392,1404,1405,1413,1415,1423,1425,1437,1446,1454,1480,1483,1485,1492,1514,1519,1539,1542,1546,1553,1562,1566,1572,1585,1589,1591,1593,1601,1604,1654,1659,1660,1661,1663,1668,1680,1681,1684,1690,1716,1717,1726,1727,1736,1747,1751,1769,1773,1774,1790,1796,1797,1809,1816,1822,1833,1842,1849,1853,1854,1857,1869,1875,1880,1882,1887,1888,1889,1893,1894,1897,1899,1900,1903,1908,1909,1915,1916,1919,1923,1925,1926,1928,1930,1942,1944,1951,1953,1956,1961,1973,1977,1978,1995,1998,2001,2006,2010,2015,2025,2034,2039,2045,2070,2101,2107,2111,2115,2119,2121,2122,2123,2140,2145,2146,2148,2153,2163,2175,2176,2194,2197,2199,2200,2202,2204,2206,2209,2213,2214,2217,2224,2229,2231,2243,2252,2267,2274,2280,2281,2285,2291,2300,2303,2327,2338,2343,2347,2350,2371,2373,2376,2378,2379,2380,2384,2386,2387,2388,2399,2405,2408,2411,2412,2419,2420,2424,2433,2436,2437,2439,2440,2450,2454,2455,2456,2459,2462,2469,2477,2478,2479,2481,2489,2490,2491,2499,2500,2507,2509,2514,2516,2519,2522,2527,2530,2534,2538,2542,2548,2560,2569,2575,2583,2603,2612,2613,2625,2630,2635,2641,2645,2647,2650,2651,2654,2656,2657,2661,2666,2669,2671,2677,2700,2707,2709,2711,2712,2716,2724,2726,2727,2728,2730,2733,2735,2736,2742,2744,2746,2749,2752,2764,2768,2771,2772,2775,2780,2785,2792,2794,2822,2824,2827,2831,2845,2846,2848,2850,2854,2856,2862,2864,2865,2870,2871,2875,2878,2883"
cube130_cluster1,"0,1,2,3,4,5,6,7,8,9,10,12,13,14,15,16,17,18,20,21,22,23,24,25,26,27,29,30,31,33,35,36,37,41,42,43,44,46,49,50,51,52,53,54,61,62,63,64,75,78,80,81,82,84,86,91,111,112,114,115,118,119,120,140,146,147,149,150,153,157,159,168,175,190,192,196,201,203,206,213,215,225,233,234,240,245,254,255,266,267,270,275,278,289,297,302,304,314,316,318,325,342,343,344,352,363,427,437,442,453,455,464,492,495,504,581,586,611,617,637,684,715,741,850,851,853,894,963,1021,1233,1270,1275,1330,1397,1399,1401,1421,1830,1876,2130,2266,2391,2432,2512"
cube130_cluster2,"162,230,261,276,286,303,324,371,372,382,399,404,419,420,426,444,480,483,508,509,529,546,547,560,585,589,590,604,618,620,651,712,730,731,740,775,805,813,818,836,865,886,970,971,980,1000,1002,1013,1035,1037,1038,1039,1044,1058,1063,1086,1093,1101,1112,1161,1239,1252,1295,1349,1358,1389,1402,1419,1424,1431,1433,1440,1456,1473,1500,1512,1515,1523,1525,1547,1552,1556,1568,1571,1582,1588,1598,1600,1714,1724,1725,1784,1803,1817,1821,1859,1885,1924,1952,1954,1970,1981,1992,2018,2053,2099,2100,2108,2171,2261,2277,2366,2498,2515,2528,2535,2545,2546,2547,2581,2589,2649,2681,2689,2701,2718,2754,2770,2786,2820,2836,2853,2882"
cube131_cluster0,"40,135,162,186,191,200,236,308,340,341,382,383,425,429,441,448,463,480,539,563,564,569,589,590,605,607,633,685,712,740,751,793,797,806,807,813,816,827,865,907,938,966,971,981,1000,1011,1020,1026,1028,1035,1038,1052,1060,1093,1106,1170,1252,1284,1285,1295,1327,1342,1349,1359,1380,1389,1402,1413,1423,1437,1446,1454,1480,1483,1485,1492,1514,1519,1539,1553,1562,1572,1582,1601,1604,1668,1680,1716,1717,1736,1747,1774,1797,1817,1821,1849,1882,1893,1897,1915,1942,1951,1952,1970,1977,1981,1992,1998,2006,2010,2018,2025,2034,2045,2099,2100,2101,2121,2123,2146,2148,2153,2163,2176,2194,2199,2202,2206,2213,2214,2229,2231,2267,2274,2280,2303,2343,2371,2373,2379,2411,2437,2450,2499,2507,2509,2516,2527,2535,2538,2542,2546,2547,2548,2560,2581,2583,2630,2641,2645,2647,2649,2650,2654,2666,2669,2671,2681,2700,2701,2709,2728,2742,2744,2746,2754,2768,2770,2785,2794,2820,2824,2827,2836,2845,2848,2853,2854,2856,2878"
cube131_cluster1,"15,19,31,46,159,237,281,301,345,353,372,421,423,435,451,455,507,535,594,626,756,791,795,855,889,890,891,893,899,908,911,921,933,946,949,953,962,963,1077,1084,1085,1143,1187,1195,1227,1247,1251,1303,1313,1317,1331,1339,1341,1346,1351,1360,1368,1374,1378,1384,1387,1388,1392,1404,1405,1421,1589,1593,1654,1659,1660,1661,1663,1690,1726,1751,1769,1796,1809,1816,1822,1833,1853,1857,1869,1875,1876,1889,1900,1903,1908,1919,1928,1930,1956,1961,1978,2001,2070,2111,2115,2119,2122,2197,2217,2243,2300,2327,2347,2350,2378,2384,2386,2388,2405,2408,2419,2420,2424,2433,2436,2440,2454,2455,2456,2459,2462,2469,2478,2481,2489,2490,2491,2512,2514,2519,2522,2530,2534,2603,2635,2651,2656,2657,2661,2677,2707,2711,2712,2716,2724,2726,2730,2735,2736,2749,2752,2775,2780,2822,2862,2864,2865,2870,2871,2875,2883"
cube131_cluster2,"53,230,261,286,304,371,399,426,444,508,509,546,581,618,620,651,730,775,805,818,836,970,980,1013,1039,1058,1063,1112,1161,1270,1275,1330,1358,1424,1431,1433,1440,1512,1556,1571,1588,1600,1803,1885,1923,2277"
cube132_cluster0,"162,795,1358,1654,2010,2388"
cube132_cluster1,"308,563,564,1562"
cube132_cluster2,1374
cube136_cluster0,"43,46,51,62,63,64,86,98,99,100,103,143,147,152,155,156,158,159,166,178,186,191,194,200,205,237,242,263,269,281,301,338,340,345,346,350,353,356,383,390,416,421,423,429,435,441,447,448,451,455,460,461,463,500,507,528,533,535,539,562,566,569,572,575,580,589,599,601,607,609,610,626,636,640,644,645,697,703,712,726,727,740,748,751,752,756,765,771,773,774,777,791,807,816,824,825,827,845,855,864,876,879,881,891,892,893,897,899,908,911,912,915,917,921,925,933,938,940,942,945,947,949,951,953,955,958,960,962,971,1008,1012,1020,1028,1052,1066,1074,1077,1084,1089,1093,1094,1097,1106,1121,1124,1141,1143,1148,1168,1184,1195,1207,1210,1213,1219,1227,1234,1239,1241,1246,1247,1251,1254,1261,1262,1263,1271,1279,1280,1284,1285,1288,1309,1313,1317,1318,1322,1324,1326,1328,1331,1339,1341,1342,1344,1345,1346,1347,1351,1357,1359,1360,1368,1371,1375,1377,1380,1381,1387,1388,1390,1392,1397,1404,1413,1415,1421,1423,1425,1428,1446,1454,1483,1485,1489,1492,1501,1514,1519,1538,1539,1546,1550,1558,1561,1566,1572,1583,1585,1589,1591,1602,1609,1618,1622,1624,1627,1635,1653,1659,1661,1663,1680,1681,1684,1690,1705,1718,1721,1726,1727,1730,1736,1751,1753,1761,1769,1773,1774,1781,1790,1795,1796,1800,1802,1805,1807,1816,1821,1822,1833,1839,1840,1842,1843,1844,1848,1849,1851,1853,1854,1858,1866,1869,1873,1874,1875,1876,1878,1880,1881,1883,1887,1888,1891,1893,1894,1899,1900,1904,1906,1908,1909,1911,1916,1919,1924,1925,1926,1928,1930,1942,1948,1949,1951,1952,1953,1956,1961,1963,1964,1965,1970,1973,1974,1978,1983,1993,1995,1998,2001,2003,2005,2015,2019,2024,2032,2034,2039,2053,2070,2077,2098,2107,2111,2123,2136,2140,2145,2146,2153,2159,2163,2171,2175,2182,2194,2198,2199,2200,2204,2209,2213,2220,2224,2229,2243,2252,2267,2274,2281,2284,2285,2288,2291,2294,2300,2303,2319,2321,2327,2333,2334,2338,2345,2347,2350,2356,2365,2368,2375,2376,2378,2379,2380,2384,2387,2391,2395,2404,2405,2408,2411,2412,2417,2423,2424,2436,2437,2439,2450,2451,2454,2455,2456,2462,2465,2467,2468,2469,2473,2477,2478,2479,2481,2484,2488,2489,2490,2491,2494,2499,2500,2502,2507,2509,2512,2513,2514,2516,2517,2519,2522,2527,2529,2530,2531,2534,2535,2538,2542,2545,2546,2548,2552,2553,2560,2575,2581,2584,2593,2594,2597,2605,2608,2612,2613,2619,2625,2630,2635,2641,2647,2650,2651,2654,2656,2657,2660,2666,2671,2681,2686,2690,2691,2695,2706,2707,2709,2711,2712,2716,2724,2725,2726,2727,2728,2730,2731,2733,2736,2738,2744,2752,2754,2755,2761,2764,2765,2768,2770,2771,2772,2774,2780,2785,2786,2792,2793,2794,2798,2806,2808,2811,2817,2820,2822,2823,2824,2831,2832,2836,2845,2846,2850,2852,2855,2856,2862,2863,2864,2865,2866,2870,2871,2875,2878,2882"
cube136_cluster1,"0,1,2,3,4,5,8,9,10,12,13,14,17,18,20,21,23,24,25,26,27,28,29,30,33,34,35,36,37,39,41,44,48,49,50,52,53,54,57,58,60,61,70,71,72,73,75,77,78,79,80,81,82,83,84,85,90,91,92,93,96,97,101,105,111,113,114,115,116,117,118,121,127,134,136,137,138,140,141,144,146,148,149,150,153,154,157,160,163,167,168,170,174,175,176,177,185,190,192,195,196,197,198,201,203,206,208,213,215,218,220,221,224,225,226,228,232,233,234,240,243,245,246,248,249,253,254,255,259,262,266,267,270,273,275,278,279,282,285,288,289,290,291,292,295,297,298,299,302,304,312,314,316,317,318,319,320,321,325,329,331,332,334,335,337,339,342,343,344,347,354,357,363,364,367,379,403,406,409,417,426,427,430,436,437,439,440,442,446,453,456,459,462,464,474,488,492,495,504,510,511,512,527,538,553,554,560,565,576,581,582,585,586,588,617,627,628,637,654,659,665,684,692,715,723,728,741,742,743,768,770,772,785,786,790,795,799,803,804,809,826,840,841,848,850,851,853,854,857,859,862,863,870,875,878,885,887,902,913,928,931,1021,1063,1086,1101,1129,1130,1135,1158,1165,1169,1200,1201,1208,1221,1229,1233,1235,1268,1270,1275,1291,1292,1293,1301,1335,1362,1379,1383,1396,1399,1401,1403,1418,1465,1487,1547,1552,1557,1576,1633,1641,1676,1678,1776,1804,1824,1830,1870,1879,1910,1955,2130,2233,2244,2251,2266,2310,2336,2409,2418,2432,2460,2483,2487,2571,2572,2640,2667,2672"
cube136_cluster2,"112,122,202,236,244,252,261,268,271,276,286,303,309,313,324,341,372,375,382,388,391,399,400,404,411,414,415,419,420,432,443,444,452,458,465,467,468,469,478,480,483,485,498,503,514,521,526,529,536,542,546,547,558,564,583,590,597,600,604,605,611,618,633,641,642,649,651,667,669,674,678,679,700,707,709,730,731,753,764,775,776,794,797,800,806,813,818,819,820,828,836,837,843,883,886,894,903,907,914,935,941,950,961,963,968,969,970,973,980,981,1000,1002,1026,1034,1035,1037,1038,1039,1042,1043,1044,1060,1065,1076,1079,1080,1090,1095,1098,1103,1111,1112,1126,1149,1157,1161,1162,1164,1170,1186,1198,1215,1223,1226,1243,1252,1255,1260,1265,1273,1278,1295,1296,1303,1304,1305,1306,1307,1315,1319,1321,1329,1330,1333,1337,1349,1352,1361,1366,1386,1389,1394,1398,1402,1410,1412,1416,1419,1424,1431,1433,1440,1441,1456,1458,1459,1464,1471,1473,1478,1493,1498,1500,1515,1521,1523,1525,1531,1540,1542,1544,1556,1562,1568,1571,1582,1590,1592,1598,1600,1603,1604,1605,1606,1612,1621,1645,1658,1662,1665,1667,1668,1669,1674,1677,1706,1708,1714,1717,1719,1724,1725,1729,1731,1732,1738,1750,1758,1765,1768,1770,1784,1789,1793,1798,1799,1803,1817,1819,1826,1841,1859,1864,1871,1885,1890,1892,1907,1912,1923,1932,1934,1944,1954,1958,1959,1962,1966,1975,1979,1981,1986,1990,2012,2018,2042,2044,2052,2057,2059,2074,2078,2079,2080,2082,2099,2100,2101,2102,2108,2114,2118,2135,2137,2144,2148,2162,2186,2206,2217,2221,2259,2261,2263,2277,2280,2290,2297,2298,2301,2308,2312,2318,2320,2322,2330,2342,2349,2357,2366,2383,2386,2393,2396,2399,2419,2421,2428,2434,2457,2463,2464,2475,2493,2498,2515,2520,2524,2525,2528,2543,2549,2569,2589,2599,2604,2614,2623,2624,2632,2634,2643,2648,2649,2655,2669,2674,2675,2689,2700,2701,2702,2703,2718,2719,2722,2723,2746,2747,2750,2756,2759,2769,2773,2787,2789,2797,2800,2810,2814,2818,2840,2848,2853,2854,2859,2867"
cube137_cluster0,"43,46,51,62,63,64,86,98,99,100,103,143,147,152,155,156,158,159,166,178,186,191,194,200,205,237,242,263,269,281,301,338,340,345,346,350,353,356,383,390,416,421,423,429,435,441,447,448,451,455,460,461,463,500,507,528,533,535,539,562,563,564,566,569,572,575,580,589,599,600,601,605,607,609,610,626,636,640,644,645,697,703,712,726,727,740,748,751,752,756,765,771,773,774,777,791,795,807,816,824,825,827,845,855,864,876,879,881,891,892,893,897,899,907,908,911,912,915,917,921,925,933,938,940,942,945,947,949,951,953,955,958,960,962,971,1008,1012,1020,1028,1052,1066,1074,1077,1084,1089,1093,1094,1097,1106,1121,1124,1141,1143,1148,1168,1184,1195,1207,1210,1213,1219,1227,1234,1239,1241,1246,1247,1251,1254,1261,1262,1263,1271,1279,1280,1284,1285,1288,1309,1313,1317,1318,1322,1324,1326,1328,1331,1339,1341,1342,1344,1345,1346,1347,1351,1357,1359,1360,1368,1371,1375,1377,1380,1381,1387,1388,1390,1392,1397,1404,1413,1415,1421,1423,1425,1428,1446,1454,1483,1485,1489,1492,1501,1514,1519,1538,1539,1546,1550,1558,1561,1562,1566,1572,1583,1585,1589,1591,1602,1609,1618,1622,1624,1627,1635,1653,1654,1659,1661,1663,1680,1681,1684,1690,1705,1718,1721,1726,1727,1730,1736,1751,1753,1761,1769,1773,1774,1781,1790,1795,1796,1800,1802,1805,1807,1816,1821,1822,1833,1839,1840,1842,1843,1844,1848,1849,1851,1853,1854,1858,1866,1869,1873,1874,1875,1876,1878,1880,1881,1883,1887,1888,1891,1893,1894,1899,1900,1904,1906,1908,1909,1911,1916,1919,1924,1925,1926,1928,1930,1942,1948,1949,1951,1952,1953,1956,1961,1963,1964,1965,1970,1973,1974,1978,1983,1993,1995,1998,2001,2003,2005,2015,2019,2024,2032,2034,2039,2053,2070,2077,2098,2107,2111,2123,2136,2140,2145,2146,2153,2159,2163,2171,2175,2182,2194,2198,2199,2200,2204,2209,2213,2220,2224,2229,2243,2252,2267,2274,2281,2284,2285,2288,2291,2294,2300,2303,2319,2321,2327,2333,2334,2338,2345,2347,2350,2356,2365,2368,2375,2376,2378,2379,2380,2384,2387,2391,2395,2404,2405,2408,2411,2412,2417,2423,2424,2436,2437,2439,2450,2451,2454,2455,2456,2462,2465,2467,2468,2469,2473,2477,2478,2479,2481,2484,2488,2489,2490,2491,2494,2499,2500,2502,2507,2509,2512,2513,2514,2516,2517,2519,2522,2527,2529,2530,2531,2534,2535,2538,2542,2545,2546,2548,2552,2553,2560,2575,2581,2584,2593,2594,2597,2605,2608,2612,2613,2619,2625,2630,2635,2641,2647,2650,2651,2654,2656,2657,2660,2666,2671,2681,2686,2690,2691,2695,2706,2707,2709,2711,2712,2716,2724,2725,2726,2727,2728,2730,2731,2733,2736,2738,2744,2752,2754,2755,2761,2764,2765,2768,2770,2771,2772,2774,2780,2785,2786,2792,2793,2794,2798,2806,2808,2811,2817,2820,2822,2823,2824,2831,2832,2836,2845,2846,2850,2852,2855,2856,2862,2863,2864,2865,2866,2870,2871,2875,2878,2882"
cube137_cluster1,"0,1,2,3,4,5,8,9,10,12,13,14,17,18,20,21,23,24,25,26,27,28,29,30,33,34,35,36,37,39,41,44,48,49,50,52,53,54,57,58,60,61,70,71,72,73,75,77,78,79,80,81,82,83,84,85,90,91,92,93,96,97,101,105,111,113,114,115,116,117,118,121,127,134,136,137,138,140,141,144,146,148,149,150,153,154,157,160,163,167,168,170,174,175,176,177,185,190,192,195,196,197,198,201,203,206,208,213,215,218,220,221,224,225,226,228,232,233,234,240,243,245,246,248,249,253,254,255,259,262,266,267,270,273,275,278,279,282,285,288,289,290,291,292,295,297,298,299,302,304,312,314,316,317,318,319,320,321,325,329,331,332,334,335,337,339,342,343,344,347,354,357,363,364,367,379,403,406,409,417,426,427,430,436,437,439,440,442,446,453,456,459,462,464,474,488,492,495,504,510,511,512,527,538,553,554,560,565,576,581,582,585,586,588,617,627,628,637,654,659,665,684,692,715,723,728,741,742,743,768,770,772,785,786,790,799,803,804,809,826,840,841,848,850,851,853,854,857,859,862,863,870,875,878,885,887,902,913,928,931,1021,1063,1086,1101,1129,1130,1135,1158,1165,1169,1200,1201,1208,1221,1229,1233,1235,1268,1270,1275,1291,1292,1293,1301,1335,1362,1379,1383,1396,1399,1401,1403,1418,1465,1487,1547,1552,1557,1576,1633,1641,1676,1678,1776,1804,1824,1830,1870,1879,1910,1955,2130,2233,2244,2251,2266,2310,2336,2409,2418,2432,2460,2483,2487,2571,2572,2640,2667,2672"
cube137_cluster2,"112,122,202,236,244,252,261,268,271,276,286,303,309,313,324,341,372,375,382,388,391,399,400,404,411,414,415,419,420,432,443,444,452,458,465,467,468,469,478,480,483,485,498,503,514,521,526,529,536,542,546,547,558,583,590,597,604,611,618,633,641,642,649,651,667,669,674,678,679,700,707,709,730,731,753,764,775,776,794,797,800,806,813,818,819,820,828,836,837,843,883,886,894,903,914,935,941,950,961,963,968,969,970,973,980,981,1000,1002,1026,1034,1035,1037,1038,1039,1042,1043,1044,1060,1065,1076,1079,1080,1090,1095,1098,1103,1111,1112,1126,1149,1157,1161,1162,1164,1170,1186,1198,1215,1223,1226,1243,1252,1255,1260,1265,1273,1278,1295,1296,1303,1304,1305,1306,1307,1315,1319,1321,1329,1330,1333,1337,1349,1352,1361,1366,1386,1389,1394,1398,1402,1410,1412,1416,1419,1424,1431,1433,1440,1441,1456,1458,1459,1464,1471,1473,1478,1493,1498,1500,1515,1521,1523,1525,1531,1540,1542,1544,1556,1568,1571,1582,1590,1592,1598,1600,1603,1604,1605,1606,1612,1621,1645,1658,1662,1665,1667,1668,1669,1674,1677,1706,1708,1714,1717,1719,1724,1725,1729,1731,1732,1738,1750,1758,1765,1768,1770,1784,1789,1793,1798,1799,1803,1817,1819,1826,1841,1859,1864,1871,1885,1890,1892,1907,1912,1923,1932,1934,1944,1954,1958,1959,1962,1966,1975,1979,1981,1986,1990,2012,2018,2042,2044,2052,2057,2059,2074,2078,2079,2080,2082,2099,2100,2101,2102,2108,2114,2118,2135,2137,2144,2148,2162,2186,2206,2217,2221,2259,2261,2263,2277,2280,2290,2297,2298,2301,2308,2312,2318,2320,2322,2330,2342,2349,2357,2366,2383,2386,2393,2396,2399,2419,2421,2428,2434,2457,2463,2464,2475,2493,2498,2515,2520,2524,2525,2528,2543,2549,2569,2589,2599,2604,2614,2623,2624,2632,2634,2643,2648,2649,2655,2669,2674,2675,2689,2700,2701,2702,2703,2718,2719,2722,2723,2746,2747,2750,2756,2759,2769,2773,2787,2789,2797,2800,2810,2814,2818,2840,2848,2853,2854,2859,2867"
cube138_cluster0,"53,122,236,261,286,304,341,382,399,426,444,468,478,546,558,563,564,581,590,597,600,605,618,640,651,712,730,775,797,806,813,818,836,883,903,907,914,970,980,981,1000,1026,1035,1038,1039,1042,1060,1063,1112,1161,1170,1186,1252,1270,1275,1295,1329,1330,1424,1431,1433,1440,1501,1544,1556,1562,1571,1582,1600,1604,1662,1665,1717,1729,1803,1817,1821,1923,1952,1981,2018,2042,2078,2079,2080,2099,2100,2101,2102,2206,2217,2259,2277,2280,2320,2411,2437,2475,2499,2525,2535,2599,2614,2649,2669,2671,2675,2681,2700,2701,2746,2770,2808,2818,2820,2836,2848,2853,2854,2863"
cube138_cluster1,"46,159,237,301,309,345,346,372,421,451,455,535,645,791,795,816,855,891,893,899,911,921,949,953,963,968,1076,1077,1084,1111,1143,1241,1247,1251,1255,1296,1303,1313,1317,1331,1339,1346,1351,1360,1368,1374,1377,1387,1388,1392,1421,1531,1540,1589,1624,1654,1659,1661,1690,1726,1736,1769,1796,1816,1822,1833,1849,1853,1869,1874,1875,1876,1885,1919,1928,1930,1961,1966,1993,2111,2198,2221,2300,2327,2347,2356,2365,2368,2384,2386,2405,2408,2419,2424,2436,2454,2455,2462,2469,2478,2481,2489,2512,2513,2514,2519,2522,2529,2530,2534,2635,2651,2655,2656,2657,2690,2707,2711,2712,2716,2724,2726,2730,2731,2736,2752,2761,2780,2817,2822,2862,2864,2865,2870,2871,2875"
cube138_cluster2,"166,186,191,200,281,340,350,353,383,423,429,435,441,448,463,480,485,498,500,507,539,569,589,607,626,633,740,751,756,807,827,908,933,938,960,962,971,1020,1028,1052,1093,1106,1195,1227,1284,1285,1341,1342,1349,1359,1380,1389,1402,1404,1413,1423,1446,1454,1483,1485,1492,1514,1519,1539,1572,1653,1663,1668,1680,1751,1774,1893,1900,1908,1942,1948,1951,1956,1970,1978,1998,2001,2034,2070,2123,2146,2148,2153,2163,2194,2199,2213,2229,2243,2267,2274,2303,2345,2350,2378,2379,2450,2456,2457,2490,2491,2507,2509,2516,2527,2538,2542,2546,2548,2560,2581,2630,2641,2647,2650,2654,2666,2709,2728,2744,2754,2768,2785,2794,2824,2832,2845,2856,2878"
cube139_cluster0,"597,795,1654"
cube139_cluster1,"563,564,1562"
cube139_cluster2,1374
cube143_cluster0,"0,1,2,3,8,9,17,18,20,24,26,27,28,29,32,33,34,35,36,37,39,41,43,44,46,47,48,49,51,52,54,55,56,57,58,59,60,61,63,64,66,67,68,69,70,71,72,73,74,75,76,77,79,80,81,83,84,85,86,87,88,89,90,91,92,93,94,95,96,97,98,101,102,104,105,106,107,108,109,110,112,113,114,115,116,117,121,122,123,124,126,127,128,129,130,131,132,133,134,136,137,138,139,140,141,142,143,144,145,146,147,148,150,151,152,154,155,158,160,161,163,164,165,167,168,169,170,172,174,175,176,177,178,179,180,181,182,183,184,185,188,189,190,192,193,195,196,197,198,199,201,202,203,204,205,206,207,208,210,211,212,213,214,215,216,217,218,219,220,221,222,223,224,225,226,227,228,231,232,233,238,240,243,244,245,246,247,248,249,250,251,252,253,254,255,257,258,259,262,264,265,266,267,268,270,271,272,273,274,275,276,277,278,279,280,282,283,285,287,288,289,290,291,292,294,295,296,297,298,299,300,302,303,305,306,310,312,313,314,315,316,317,318,319,320,321,322,323,324,325,327,328,329,330,331,332,333,334,335,336,337,339,344,347,349,354,355,357,358,360,362,363,364,365,366,367,368,369,370,374,375,376,377,378,379,380,384,385,386,387,388,389,392,394,396,400,401,403,404,405,406,407,408,409,410,414,417,418,424,427,428,430,431,432,433,434,436,437,438,439,440,442,446,450,454,456,459,460,462,464,467,469,472,473,474,475,477,482,484,487,488,489,490,492,493,494,495,497,499,501,504,505,510,511,512,513,515,516,518,519,522,525,527,530,531,538,541,543,545,549,551,552,553,554,555,556,557,559,560,561,565,567,568,570,572,575,576,578,581,582,586,587,588,591,593,598,602,604,610,616,619,628,645,652,654,658,659,662,665,667,668,684,686,689,690,692,695,698,701,705,707,710,715,716,720,721,722,723,725,728,729,732,733,734,735,736,741,742,743,747,755,761,766,767,768,770,772,781,782,783,784,785,786,787,790,792,796,798,799,801,802,803,804,808,809,810,811,814,815,826,829,830,832,833,834,835,837,840,841,844,845,847,848,849,850,851,852,854,857,858,859,862,863,867,868,870,871,874,875,877,878,882,885,887,888,895,896,898,900,901,902,903,909,910,913,918,919,922,925,926,928,930,931,932,937,948,952,954,961,969,975,976,987,988,989,991,992,993,995,996,997,998,1001,1003,1007,1019,1021,1023,1031,1034,1040,1041,1043,1045,1050,1051,1054,1057,1061,1062,1063,1065,1071,1073,1086,1091,1096,1101,1104,1109,1110,1115,1119,1123,1127,1128,1129,1130,1134,1135,1136,1137,1138,1140,1142,1150,1152,1153,1154,1155,1156,1158,1159,1160,1163,1165,1166,1167,1169,1171,1172,1173,1174,1177,1179,1180,1181,1182,1186,1188,1192,1196,1198,1199,1201,1208,1211,1212,1214,1216,1218,1220,1221,1222,1223,1224,1225,1229,1231,1233,1235,1236,1237,1238,1244,1253,1262,1263,1264,1268,1270,1271,1272,1275,1277,1281,1286,1289,1291,1292,1293,1301,1302,1304,1309,1311,1312,1314,1319,1323,1335,1344,1353,1361,1362,1363,1367,1369,1370,1379,1383,1386,1393,1396,1399,1401,1403,1406,1408,1418,1422,1430,1432,1436,1451,1452,1458,1465,1466,1467,1468,1472,1478,1479,1486,1487,1496,1498,1500,1510,1515,1516,1521,1522,1524,1526,1528,1534,1536,1537,1547,1552,1557,1560,1567,1569,1575,1576,1581,1584,1597,1614,1619,1626,1631,1633,1634,1636,1637,1641,1642,1643,1647,1649,1655,1656,1664,1666,1669,1672,1673,1674,1676,1678,1679,1691,1692,1693,1695,1696,1699,1700,1707,1708,1709,1710,1711,1712,1722,1732,1734,1735,1738,1739,1742,1746,1749,1752,1755,1762,1763,1764,1768,1772,1775,1776,1777,1778,1786,1787,1791,1792,1801,1804,1811,1813,1815,1824,1827,1840,1846,1847,1852,1855,1856,1860,1861,1866,1867,1870,1879,1910,1912,1913,1921,1937,1939,1943,1946,1947,1955,1958,1962,1964,1982,1983,1986,1989,2002,2013,2014,2033,2038,2062,2068,2075,2080,2106,2112,2120,2125,2129,2130,2132,2133,2134,2139,2144,2149,2150,2158,2161,2167,2169,2178,2181,2182,2183,2184,2185,2187,2189,2196,2201,2205,2207,2211,2212,2215,2216,2218,2219,2222,2230,2232,2233,2235,2237,2238,2240,2241,2242,2244,2245,2246,2248,2251,2254,2263,2264,2265,2266,2268,2269,2271,2272,2273,2282,2287,2295,2296,2304,2307,2310,2318,2326,2332,2333,2336,2339,2344,2353,2354,2355,2359,2360,2361,2363,2364,2370,2372,2374,2377,2390,2391,2397,2401,2403,2407,2409,2416,2418,2426,2432,2442,2443,2448,2460,2470,2471,2476,2480,2483,2484,2487,2492,2495,2497,2510,2536,2563,2567,2571,2572,2596,2606,2607,2623,2627,2628,2631,2637,2639,2640,2652,2659,2667,2670,2672,2673,2678,2679,2680,2693,2694,2696,2697,2705,2713,2714,2720,2725,2737,2748,2757,2784,2787,2791,2795,2800,2801,2805,2810,2813,2825,2828,2857,2863,2877,2879,2880"
cube143_cluster1,"166,171,191,286,293,309,340,350,361,372,382,390,391,415,419,420,429,435,452,457,461,465,468,478,480,483,485,498,500,503,514,526,532,533,540,542,558,569,571,573,597,600,605,607,611,626,640,641,644,649,650,651,656,669,674,678,679,703,709,712,727,737,746,752,753,757,765,773,776,779,789,794,800,806,817,818,819,820,823,825,828,836,838,839,883,905,907,911,914,920,929,938,939,941,945,947,950,956,958,960,963,967,968,971,973,980,981,1002,1008,1012,1020,1028,1035,1042,1044,1052,1072,1075,1078,1079,1080,1088,1089,1090,1098,1103,1105,1106,1113,1118,1120,1126,1132,1141,1146,1148,1157,1161,1170,1176,1185,1189,1194,1202,1205,1213,1226,1227,1228,1234,1240,1249,1252,1256,1260,1265,1269,1278,1285,1288,1306,1307,1315,1320,1326,1328,1329,1333,1334,1337,1349,1351,1356,1357,1365,1371,1394,1398,1402,1410,1412,1416,1419,1424,1425,1428,1429,1433,1440,1441,1450,1453,1454,1456,1459,1463,1464,1469,1471,1473,1483,1485,1489,1493,1514,1523,1525,1533,1539,1544,1545,1551,1554,1555,1556,1559,1562,1563,1571,1574,1580,1582,1585,1590,1591,1598,1599,1603,1604,1605,1606,1607,1615,1617,1635,1640,1645,1652,1653,1658,1662,1667,1668,1670,1671,1675,1677,1684,1689,1697,1701,1714,1715,1720,1724,1731,1733,1741,1756,1765,1767,1771,1774,1779,1780,1788,1790,1793,1802,1810,1819,1821,1829,1841,1859,1863,1885,1892,1895,1896,1905,1907,1916,1929,1932,1934,1938,1941,1948,1949,1954,1974,1975,1976,1978,1979,1980,1985,1991,1994,1997,2001,2003,2005,2012,2015,2016,2018,2019,2022,2024,2032,2034,2039,2042,2044,2049,2052,2053,2054,2055,2057,2059,2060,2070,2074,2077,2078,2079,2081,2082,2096,2097,2098,2100,2101,2102,2108,2114,2118,2124,2127,2135,2137,2141,2145,2146,2147,2148,2151,2154,2157,2162,2163,2164,2165,2171,2175,2186,2190,2195,2204,2208,2209,2210,2220,2227,2236,2252,2256,2259,2260,2261,2267,2275,2277,2278,2279,2286,2291,2298,2305,2312,2313,2322,2329,2330,2331,2334,2349,2366,2378,2383,2393,2396,2400,2414,2421,2428,2434,2439,2449,2457,2464,2472,2474,2475,2479,2490,2491,2498,2501,2503,2507,2508,2515,2516,2523,2525,2528,2535,2539,2542,2543,2545,2546,2548,2549,2552,2553,2560,2566,2568,2569,2575,2581,2585,2586,2588,2589,2595,2597,2602,2612,2615,2621,2624,2633,2634,2642,2646,2648,2649,2653,2666,2668,2675,2681,2683,2689,2695,2706,2709,2717,2718,2722,2723,2728,2747,2751,2756,2758,2759,2762,2763,2767,2768,2771,2773,2783,2785,2789,2793,2794,2802,2808,2814,2818,2826,2832,2833,2836,2840,2844,2850,2851,2854,2856,2859,2878,2884"
cube143_cluster2,"99,100,103,125,156,187,194,209,237,241,242,263,269,301,326,338,346,351,356,395,411,412,416,421,443,447,451,458,466,496,507,521,524,528,535,536,544,547,550,562,566,574,580,583,589,592,599,601,606,609,621,627,633,635,636,637,642,643,671,675,696,697,700,702,706,714,726,739,740,745,748,750,758,759,762,764,769,771,774,777,791,812,816,822,824,843,846,855,856,861,864,866,869,872,876,879,880,881,884,886,891,892,893,894,897,899,906,908,912,915,916,917,921,923,924,927,933,935,940,942,944,949,951,953,955,962,985,1004,1015,1022,1036,1066,1067,1068,1074,1076,1084,1093,1094,1095,1097,1108,1111,1116,1117,1121,1122,1124,1125,1143,1144,1149,1151,1162,1164,1168,1175,1178,1183,1184,1191,1193,1200,1206,1207,1210,1215,1217,1219,1232,1239,1241,1242,1243,1245,1246,1247,1250,1254,1255,1257,1259,1261,1267,1273,1274,1276,1279,1280,1294,1295,1296,1297,1299,1300,1303,1305,1308,1310,1313,1316,1318,1321,1322,1324,1325,1330,1332,1336,1339,1341,1343,1345,1346,1347,1348,1352,1354,1359,1360,1364,1366,1375,1377,1381,1390,1391,1395,1397,1400,1407,1415,1417,1420,1421,1448,1449,1457,1475,1481,1488,1501,1511,1517,1530,1531,1532,1538,1540,1541,1542,1546,1550,1558,1561,1564,1566,1583,1586,1592,1594,1602,1608,1609,1612,1613,1618,1621,1622,1624,1625,1627,1629,1648,1650,1657,1661,1663,1665,1680,1681,1686,1698,1702,1704,1705,1706,1718,1719,1721,1723,1725,1726,1727,1728,1729,1730,1740,1743,1744,1745,1750,1751,1753,1754,1757,1758,1760,1761,1766,1770,1773,1781,1782,1784,1785,1789,1794,1795,1796,1798,1799,1800,1805,1807,1808,1817,1822,1826,1828,1830,1833,1835,1836,1838,1839,1842,1843,1844,1845,1848,1849,1850,1851,1853,1854,1858,1864,1869,1871,1873,1874,1875,1876,1878,1881,1883,1887,1888,1890,1891,1894,1899,1900,1901,1902,1904,1906,1909,1911,1919,1922,1923,1924,1925,1926,1927,1930,1931,1933,1935,1936,1944,1950,1951,1953,1956,1959,1961,1963,1965,1966,1968,1969,1971,1984,1987,1988,1990,1993,1995,1996,2009,2017,2020,2030,2031,2036,2043,2056,2067,2087,2088,2090,2099,2107,2111,2117,2136,2138,2140,2152,2155,2159,2160,2170,2172,2173,2179,2198,2200,2203,2217,2221,2224,2225,2226,2228,2234,2243,2247,2249,2250,2257,2258,2276,2281,2284,2285,2288,2289,2290,2292,2293,2294,2297,2301,2306,2308,2309,2315,2317,2319,2320,2321,2324,2325,2327,2335,2338,2340,2342,2345,2347,2351,2352,2356,2357,2362,2365,2367,2368,2375,2376,2386,2395,2399,2402,2404,2406,2408,2411,2412,2417,2419,2422,2423,2424,2427,2430,2431,2438,2445,2450,2451,2456,2462,2463,2465,2467,2468,2473,2477,2478,2481,2485,2488,2489,2493,2494,2502,2504,2512,2513,2514,2517,2518,2519,2520,2521,2522,2524,2527,2529,2530,2531,2532,2534,2555,2559,2573,2574,2576,2579,2584,2587,2593,2594,2599,2604,2605,2608,2609,2610,2613,2614,2619,2622,2625,2632,2635,2641,2643,2654,2655,2656,2658,2660,2662,2663,2664,2674,2676,2684,2685,2686,2687,2688,2690,2691,2698,2699,2701,2702,2703,2711,2712,2715,2719,2730,2731,2733,2736,2738,2739,2745,2750,2752,2754,2755,2761,2764,2765,2766,2769,2772,2774,2779,2792,2797,2798,2806,2809,2811,2812,2816,2817,2821,2823,2841,2843,2845,2846,2852,2855,2858,2864,2866,2867,2871,2882"
cube144_cluster0,"0,1,2,3,8,9,17,18,20,24,26,27,28,29,32,33,34,35,36,37,39,41,43,44,46,47,48,49,51,52,54,55,56,57,58,59,60,61,63,64,66,67,68,69,70,71,72,73,74,75,76,77,79,80,81,83,84,85,86,87,88,89,90,91,92,93,94,95,96,97,98,101,102,104,105,106,107,108,109,110,112,113,114,115,116,117,121,122,123,124,126,127,128,129,130,131,132,133,134,136,137,138,139,140,141,142,143,144,145,146,147,148,150,151,152,154,155,158,160,161,163,164,165,167,168,169,170,172,174,175,176,177,178,179,180,181,182,183,184,185,188,189,190,192,193,195,196,197,198,199,201,202,203,204,205,206,207,208,210,211,212,213,214,215,216,217,218,219,220,221,222,223,224,225,226,227,228,231,232,233,238,240,243,244,245,246,247,248,249,250,251,252,253,254,255,257,258,259,262,264,265,266,267,268,270,271,272,273,274,275,276,277,278,279,280,282,283,285,287,288,289,290,291,292,294,295,296,297,298,299,300,302,303,305,306,310,312,313,314,315,316,317,318,319,320,321,322,323,324,325,327,328,329,330,331,332,333,334,335,336,337,339,344,347,349,354,355,357,358,360,362,363,364,365,366,367,368,369,370,374,375,376,377,378,379,380,384,385,386,387,388,389,392,394,396,400,401,403,404,405,406,407,408,409,410,414,417,418,424,427,428,430,431,432,433,434,436,437,438,439,440,442,446,450,454,456,459,460,462,464,467,469,472,473,474,475,477,482,484,487,488,489,490,492,493,494,495,497,499,501,504,505,510,511,512,513,515,516,518,519,522,525,527,530,531,538,541,543,545,549,551,552,553,554,555,556,557,559,560,561,565,567,568,570,572,575,576,578,581,582,586,587,588,591,593,598,602,604,610,616,619,628,645,652,654,658,659,662,665,667,668,684,686,689,690,692,695,698,701,705,707,710,715,716,720,721,722,723,725,728,729,732,733,734,735,736,741,742,743,747,755,761,766,767,768,770,772,781,782,783,784,785,786,787,790,792,796,798,799,801,802,803,804,808,809,810,811,814,815,826,829,830,832,833,834,835,837,840,841,844,845,847,848,849,850,851,852,854,857,858,859,862,863,867,868,870,871,874,875,877,878,882,885,887,888,895,896,898,900,901,902,903,909,910,913,918,919,922,925,926,928,930,931,932,937,948,952,954,961,969,975,976,987,988,989,991,992,993,995,996,997,998,1001,1003,1007,1019,1021,1023,1031,1034,1040,1041,1043,1045,1050,1051,1054,1057,1061,1062,1063,1065,1071,1073,1086,1091,1096,1101,1104,1109,1110,1115,1119,1123,1127,1128,1129,1130,1134,1135,1136,1137,1138,1140,1142,1150,1152,1153,1154,1155,1156,1158,1159,1160,1163,1165,1166,1167,1169,1171,1172,1173,1174,1177,1179,1180,1181,1182,1186,1188,1192,1196,1198,1199,1201,1208,1211,1212,1214,1216,1218,1220,1221,1222,1223,1224,1225,1229,1231,1233,1235,1236,1237,1238,1244,1253,1262,1263,1264,1268,1270,1271,1272,1275,1277,1281,1286,1289,1291,1292,1293,1301,1302,1304,1309,1311,1312,1314,1319,1323,1335,1344,1353,1361,1362,1363,1367,1369,1370,1379,1383,1386,1393,1396,1399,1401,1403,1406,1408,1418,1422,1430,1432,1436,1451,1452,1458,1465,1466,1467,1468,1472,1478,1479,1486,1487,1496,1498,1500,1510,1515,1516,1521,1522,1524,1526,1528,1534,1536,1537,1547,1552,1557,1560,1567,1569,1575,1576,1581,1584,1597,1614,1619,1626,1631,1633,1634,1636,1637,1641,1642,1643,1647,1649,1655,1656,1664,1666,1669,1672,1673,1674,1676,1678,1679,1691,1692,1693,1695,1696,1699,1700,1707,1708,1709,1710,1711,1712,1722,1732,1734,1735,1738,1739,1742,1746,1749,1752,1755,1762,1763,1764,1768,1772,1775,1776,1777,1778,1786,1787,1791,1792,1801,1804,1811,1813,1815,1824,1827,1840,1846,1847,1852,1855,1856,1860,1861,1866,1867,1870,1879,1910,1912,1913,1921,1937,1939,1943,1946,1947,1955,1958,1962,1964,1982,1983,1986,1989,2002,2013,2014,2033,2038,2062,2068,2075,2080,2106,2112,2120,2125,2129,2130,2132,2133,2134,2139,2144,2149,2150,2158,2161,2167,2169,2178,2181,2182,2183,2184,2185,2187,2189,2196,2201,2205,2207,2211,2212,2215,2216,2218,2219,2222,2230,2232,2233,2235,2237,2238,2240,2241,2242,2244,2245,2246,2248,2251,2254,2263,2264,2265,2266,2268,2269,2271,2272,2273,2282,2287,2295,2296,2304,2307,2310,2318,2326,2332,2333,2336,2339,2344,2353,2354,2355,2359,2360,2361,2363,2364,2370,2372,2374,2377,2390,2391,2397,2401,2403,2407,2409,2416,2418,2426,2432,2442,2443,2448,2460,2470,2471,2476,2480,2483,2484,2487,2492,2495,2497,2510,2536,2563,2567,2571,2572,2596,2606,2607,2623,2627,2628,2631,2637,2639,2640,2652,2659,2667,2670,2672,2673,2678,2679,2680,2693,2694,2696,2697,2705,2713,2714,2720,2725,2737,2748,2757,2784,2787,2791,2795,2800,2801,2805,2810,2813,2825,2828,2857,2863,2877,2879,2880"
cube144_cluster1,"166,171,191,286,293,309,340,350,361,372,382,390,391,415,419,420,429,435,452,457,461,465,468,478,480,483,485,498,500,503,514,526,532,533,540,542,558,569,571,573,597,600,605,607,611,626,640,641,644,649,650,651,656,669,674,678,679,703,709,712,727,737,746,752,753,757,765,773,776,779,789,794,800,806,817,818,819,820,823,825,828,836,838,839,883,905,907,911,914,920,929,938,939,941,945,947,950,956,958,960,963,967,968,971,973,980,981,1002,1008,1012,1020,1028,1035,1042,1044,1052,1072,1075,1078,1079,1080,1088,1089,1090,1098,1103,1105,1106,1113,1118,1120,1126,1132,1141,1146,1148,1157,1161,1170,1176,1185,1189,1194,1202,1205,1213,1226,1227,1228,1234,1240,1249,1252,1256,1260,1265,1269,1278,1285,1288,1306,1307,1315,1320,1326,1328,1329,1333,1334,1337,1349,1351,1356,1357,1365,1371,1394,1398,1402,1410,1412,1416,1419,1424,1425,1428,1429,1433,1440,1441,1450,1453,1454,1456,1459,1463,1464,1469,1471,1473,1483,1485,1489,1493,1514,1523,1525,1533,1539,1544,1545,1551,1554,1555,1556,1559,1562,1563,1571,1574,1580,1582,1585,1590,1591,1598,1599,1603,1604,1605,1606,1607,1615,1617,1635,1640,1645,1652,1653,1658,1662,1667,1668,1670,1671,1675,1677,1684,1689,1697,1701,1714,1715,1720,1724,1731,1733,1741,1756,1765,1767,1771,1774,1779,1780,1788,1790,1793,1802,1810,1819,1821,1829,1841,1859,1863,1885,1892,1895,1896,1905,1907,1916,1929,1932,1934,1938,1941,1948,1949,1954,1974,1975,1976,1978,1979,1980,1985,1991,1994,1997,2001,2003,2005,2012,2015,2016,2018,2019,2022,2024,2032,2034,2039,2042,2044,2049,2052,2053,2054,2055,2057,2059,2060,2070,2074,2077,2078,2079,2081,2082,2096,2097,2098,2100,2101,2102,2108,2114,2118,2124,2127,2135,2137,2141,2145,2146,2147,2148,2151,2154,2157,2162,2163,2164,2165,2171,2175,2186,2190,2195,2204,2208,2209,2210,2220,2227,2236,2252,2256,2259,2260,2261,2267,2275,2277,2278,2279,2286,2291,2298,2305,2312,2313,2322,2329,2330,2331,2334,2349,2366,2378,2383,2393,2396,2400,2414,2421,2428,2434,2439,2449,2457,2464,2472,2474,2475,2479,2490,2491,2498,2501,2503,2507,2508,2515,2516,2523,2525,2528,2535,2539,2542,2543,2545,2546,2548,2549,2552,2553,2560,2566,2568,2569,2575,2581,2585,2586,2588,2589,2595,2597,2602,2612,2615,2621,2624,2633,2634,2642,2646,2648,2649,2653,2666,2668,2675,2681,2683,2689,2695,2706,2709,2717,2718,2722,2723,2728,2747,2751,2756,2758,2759,2762,2763,2767,2768,2771,2773,2783,2785,2789,2793,2794,2802,2808,2814,2818,2826,2832,2833,2836,2840,2844,2850,2851,2854,2856,2859,2878,2884"
cube144_cluster2,"99,100,103,125,156,187,194,209,237,241,242,263,269,301,326,338,346,351,356,395,411,412,416,421,443,447,451,458,466,496,507,521,524,528,535,536,544,547,550,562,566,574,580,583,589,592,599,601,606,609,621,627,633,635,636,637,642,643,671,675,696,697,700,702,706,714,726,739,740,745,748,750,758,759,762,764,769,771,774,777,791,812,816,822,824,843,846,855,856,861,864,866,869,872,876,879,880,881,884,886,891,892,893,894,897,899,906,908,912,915,916,917,921,923,924,927,933,935,940,942,944,949,951,953,955,962,985,1004,1015,1022,1036,1066,1067,1068,1074,1076,1084,1093,1094,1095,1097,1108,1111,1116,1117,1121,1122,1124,1125,1143,1144,1149,1151,1162,1164,1168,1175,1178,1183,1184,1191,1193,1200,1206,1207,1210,1215,1217,1219,1232,1239,1241,1242,1243,1245,1246,1247,1250,1254,1255,1257,1259,1261,1267,1273,1274,1276,1279,1280,1294,1295,1296,1297,1299,1300,1303,1305,1308,1310,1313,1316,1318,1321,1322,1324,1325,1330,1332,1336,1339,1341,1343,1345,1346,1347,1348,1352,1354,1359,1360,1364,1366,1375,1377,1381,1390,1391,1395,1397,1400,1407,1415,1417,1420,1421,1448,1449,1457,1475,1481,1488,1501,1511,1517,1530,1531,1532,1538,1540,1541,1542,1546,1550,1558,1561,1564,1566,1583,1586,1592,1594,1602,1608,1609,1612,1613,1618,1621,1622,1624,1625,1627,1629,1648,1650,1657,1661,1663,1665,1680,1681,1686,1698,1702,1704,1705,1706,1718,1719,1721,1723,1725,1726,1727,1728,1729,1730,1740,1743,1744,1745,1750,1751,1753,1754,1757,1758,1760,1761,1766,1770,1773,1781,1782,1784,1785,1789,1794,1795,1796,1798,1799,1800,1805,1807,1808,1817,1822,1826,1828,1830,1833,1835,1836,1838,1839,1842,1843,1844,1845,1848,1849,1850,1851,1853,1854,1858,1864,1869,1871,1873,1874,1875,1876,1878,1881,1883,1887,1888,1890,1891,1894,1899,1900,1901,1902,1904,1906,1909,1911,1919,1922,1923,1924,1925,1926,1927,1930,1931,1933,1935,1936,1944,1950,1951,1953,1956,1959,1961,1963,1965,1966,1968,1969,1971,1984,1987,1988,1990,1993,1995,1996,2009,2017,2020,2030,2031,2036,2043,2056,2067,2087,2088,2090,2099,2107,2111,2117,2136,2138,2140,2152,2155,2159,2160,2170,2172,2173,2179,2198,2200,2203,2217,2221,2224,2225,2226,2228,2234,2243,2247,2249,2250,2257,2258,2276,2281,2284,2285,2288,2289,2290,2292,2293,2294,2297,2301,2306,2308,2309,2315,2317,2319,2320,2321,2324,2325,2327,2335,2338,2340,2342,2345,2347,2351,2352,2356,2357,2362,2365,2367,2368,2375,2376,2386,2395,2399,2402,2404,2406,2408,2411,2412,2417,2419,2422,2423,2424,2427,2430,2431,2438,2445,2450,2451,2456,2462,2463,2465,2467,2468,2473,2477,2478,2481,2485,2488,2489,2493,2494,2502,2504,2512,2513,2514,2517,2518,2519,2520,2521,2522,2524,2527,2529,2530,2531,2532,2534,2555,2559,2573,2574,2576,2579,2584,2587,2593,2594,2599,2604,2605,2608,2609,2610,2613,2614,2619,2622,2625,2632,2635,2641,2643,2654,2655,2656,2658,2660,2662,2663,2664,2674,2676,2684,2685,2686,2687,2688,2690,2691,2698,2699,2701,2702,2703,2711,2712,2715,2719,2730,2731,2733,2736,2738,2739,2745,2750,2752,2754,2755,2761,2764,2765,2766,2769,2772,2774,2779,2792,2797,2798,2806,2809,2811,2812,2816,2817,2821,2823,2841,2843,2845,2846,2852,2855,2858,2864,2866,2867,2871,2882"
cube145_cluster0,"237,301,346,421,451,589,791,816,855,891,893,899,921,949,1076,1084,1143,1296,1303,1313,1339,1346,1351,1360,1374,1377,1421,1624,1661,1665,1726,1796,1822,1835,1849,1853,1869,1874,1875,1876,1885,1919,1930,1961,2111,2198,2327,2345,2347,2356,2368,2386,2408,2419,2424,2462,2478,2481,2489,2512,2513,2514,2519,2522,2529,2530,2534,2635,2655,2656,2690,2711,2712,2730,2731,2736,2752,2761,2864,2871"
cube145_cluster1,"46,122,286,293,309,372,382,468,478,480,498,535,558,581,597,600,605,640,645,651,712,806,818,836,883,903,907,911,914,956,963,968,980,981,1035,1042,1063,1111,1161,1170,1247,1252,1255,1270,1275,1295,1329,1330,1349,1402,1424,1433,1440,1531,1540,1544,1556,1562,1571,1582,1604,1662,1729,1817,1895,1923,1929,1966,1993,2018,2042,2078,2079,2080,2100,2101,2102,2217,2221,2259,2277,2320,2365,2457,2475,2516,2525,2614,2649,2675,2681,2701,2754,2794,2818,2854,2863"
cube145_cluster2,"166,191,340,350,429,435,485,500,507,569,607,626,633,740,908,933,938,953,960,962,971,1020,1028,1052,1093,1106,1186,1227,1241,1285,1341,1359,1454,1483,1485,1501,1514,1539,1653,1663,1668,1680,1751,1774,1821,1833,1900,1948,1951,1956,1978,2001,2034,2070,2099,2146,2148,2163,2243,2267,2378,2411,2450,2456,2490,2491,2507,2527,2535,2542,2546,2548,2560,2566,2581,2599,2641,2654,2666,2709,2728,2768,2785,2808,2817,2832,2836,2845,2856,2878"
cube146_cluster0,1562
cube146_cluster1,1374
cube146_cluster2,597
cube150_cluster0,"98,100,103,122,125,142,143,152,156,166,169,171,172,178,179,187,194,202,205,209,216,241,242,250,263,264,265,286,293,298,305,309,310,326,346,350,351,355,358,359,361,370,388,394,395,400,410,414,419,428,440,447,450,452,454,457,459,460,461,462,465,467,469,470,476,484,485,489,496,499,502,506,513,515,517,519,520,522,523,526,527,530,531,532,533,534,540,541,545,548,550,558,559,566,567,570,571,572,573,574,575,577,578,582,583,591,592,593,595,597,599,600,602,606,610,616,621,627,628,635,636,640,641,642,646,648,649,650,653,656,661,663,669,673,674,675,676,678,679,681,689,696,697,698,702,704,707,709,714,716,717,720,722,724,727,735,736,737,745,746,747,752,753,754,755,757,758,760,764,776,777,778,779,787,789,790,794,802,808,812,814,820,821,823,825,826,828,830,837,838,842,844,845,846,852,858,860,861,867,869,878,879,880,881,882,883,884,885,886,898,901,903,905,906,909,910,920,922,925,926,927,929,930,931,932,937,939,944,945,950,952,956,957,958,961,967,968,969,974,984,985,987,990,994,997,999,1001,1002,1003,1005,1007,1014,1015,1018,1019,1022,1023,1024,1030,1032,1033,1034,1042,1043,1044,1045,1046,1047,1049,1054,1055,1061,1069,1070,1078,1080,1090,1091,1092,1096,1102,1103,1105,1108,1111,1113,1116,1117,1118,1119,1120,1122,1125,1132,1136,1138,1140,1141,1144,1148,1149,1150,1151,1152,1156,1157,1159,1160,1167,1175,1176,1179,1181,1182,1183,1185,1189,1192,1193,1194,1196,1197,1198,1200,1203,1204,1205,1206,1211,1212,1216,1217,1220,1222,1226,1229,1234,1236,1238,1240,1243,1245,1246,1248,1249,1250,1256,1258,1259,1260,1263,1264,1266,1267,1269,1271,1272,1274,1275,1277,1278,1283,1286,1287,1290,1294,1297,1299,1300,1301,1304,1306,1307,1309,1311,1314,1315,1319,1320,1323,1328,1332,1333,1334,1336,1337,1338,1340,1344,1348,1353,1355,1356,1362,1363,1364,1365,1366,1369,1370,1391,1393,1394,1395,1397,1398,1400,1407,1408,1410,1411,1412,1417,1420,1427,1430,1434,1435,1438,1449,1450,1457,1462,1463,1466,1467,1469,1471,1472,1473,1476,1477,1478,1486,1491,1505,1506,1509,1515,1516,1520,1522,1523,1525,1526,1530,1531,1532,1534,1535,1537,1543,1544,1545,1548,1549,1551,1555,1559,1560,1563,1565,1567,1575,1577,1578,1579,1585,1587,1590,1592,1597,1599,1605,1606,1607,1608,1611,1614,1615,1616,1619,1625,1629,1630,1632,1636,1640,1641,1646,1647,1652,1655,1657,1658,1662,1666,1670,1671,1673,1674,1675,1677,1682,1685,1686,1687,1689,1691,1692,1694,1696,1697,1698,1699,1700,1701,1706,1708,1710,1711,1712,1713,1714,1715,1720,1722,1723,1724,1728,1729,1733,1738,1740,1741,1743,1745,1746,1750,1752,1754,1755,1757,1759,1760,1762,1763,1764,1765,1766,1767,1768,1771,1777,1778,1779,1780,1782,1785,1786,1788,1792,1793,1798,1804,1808,1810,1811,1812,1815,1819,1823,1825,1827,1829,1831,1834,1838,1840,1841,1845,1846,1856,1860,1861,1863,1865,1868,1879,1892,1895,1896,1902,1905,1910,1914,1916,1921,1929,1932,1933,1934,1935,1938,1940,1941,1946,1947,1948,1950,1954,1958,1962,1964,1966,1968,1971,1974,1975,1979,1980,1982,1983,1984,1985,1986,1988,1989,1991,1993,1994,1997,2000,2002,2008,2009,2013,2014,2017,2019,2020,2028,2029,2033,2035,2040,2041,2048,2052,2057,2060,2061,2062,2063,2064,2066,2067,2068,2071,2072,2073,2076,2080,2082,2083,2085,2086,2087,2088,2089,2093,2094,2095,2096,2097,2100,2106,2109,2114,2116,2117,2118,2120,2124,2126,2127,2128,2129,2132,2133,2134,2137,2141,2143,2147,2151,2154,2156,2157,2161,2164,2165,2173,2174,2178,2179,2180,2182,2183,2186,2190,2192,2193,2195,2205,2208,2210,2215,2218,2219,2221,2222,2228,2230,2233,2234,2236,2237,2242,2244,2245,2246,2249,2253,2254,2255,2256,2257,2258,2259,2260,2262,2263,2265,2269,2270,2272,2275,2278,2279,2282,2286,2289,2290,2293,2295,2298,2305,2307,2309,2312,2313,2314,2315,2317,2318,2319,2320,2323,2324,2325,2326,2328,2329,2330,2331,2332,2333,2334,2335,2339,2342,2349,2352,2353,2354,2361,2362,2364,2366,2370,2372,2374,2377,2390,2393,2396,2397,2400,2402,2407,2409,2410,2414,2416,2418,2421,2426,2427,2434,2438,2442,2445,2446,2449,2464,2472,2474,2475,2476,2480,2484,2487,2489,2492,2496,2497,2501,2503,2508,2510,2513,2518,2523,2528,2529,2531,2532,2544,2550,2558,2559,2563,2570,2576,2577,2578,2579,2585,2586,2588,2589,2590,2591,2596,2597,2599,2601,2602,2610,2615,2620,2621,2624,2627,2629,2631,2637,2644,2646,2648,2658,2659,2662,2664,2673,2675,2676,2678,2679,2680,2683,2684,2685,2688,2702,2705,2708,2714,2717,2718,2719,2720,2721,2722,2725,2737,2747,2748,2751,2756,2757,2758,2759,2760,2762,2763,2766,2767,2769,2773,2779,2781,2784,2787,2791,2793,2795,2801,2802,2805,2810,2813,2814,2816,2818,2825,2826,2847,2851,2855,2857,2858,2863,2869,2877,2880,2884"
cube150_cluster1,"8,17,28,32,34,35,37,39,43,47,48,54,55,56,57,58,59,60,63,66,67,68,69,70,71,72,73,74,76,77,79,80,81,83,85,86,87,88,89,90,91,92,93,94,95,96,97,101,102,104,105,106,107,108,109,110,113,115,116,117,121,123,124,126,127,128,129,130,131,132,133,134,136,137,138,139,140,141,144,145,147,148,151,154,155,158,160,161,163,164,165,167,168,170,174,176,177,180,181,182,183,184,185,188,189,193,195,196,197,198,199,201,204,206,207,208,210,211,212,214,217,218,219,220,221,222,223,224,226,227,228,231,232,238,243,244,246,248,249,251,252,253,254,257,258,259,262,268,270,271,272,273,274,277,278,279,280,282,283,285,287,288,290,291,292,294,295,296,299,300,306,307,312,313,315,317,319,320,321,322,323,324,327,328,329,330,331,332,333,334,335,336,337,339,347,349,354,357,360,362,363,364,365,366,367,368,369,374,375,376,377,378,379,380,384,385,386,387,389,392,396,397,401,403,405,406,407,408,409,415,417,418,420,424,430,431,432,433,434,436,437,438,439,446,456,464,472,473,474,475,477,482,486,487,488,490,491,492,493,494,497,501,504,505,510,511,512,516,518,525,538,542,543,549,551,552,553,554,555,556,557,561,565,568,576,587,588,598,604,619,645,652,654,655,657,658,659,662,664,665,667,668,672,683,684,686,687,688,690,691,692,693,694,695,699,701,705,710,715,718,719,721,723,725,728,729,732,733,734,742,743,744,761,766,767,768,770,772,780,781,782,783,784,785,786,792,796,798,799,801,803,804,809,810,811,815,829,831,832,833,834,835,839,840,841,847,848,849,851,854,857,859,862,863,868,870,871,874,875,877,887,888,894,895,896,900,902,913,918,919,928,948,954,965,975,976,977,979,982,983,986,988,989,991,992,993,995,996,998,1016,1025,1029,1031,1040,1041,1048,1050,1051,1057,1059,1062,1064,1065,1071,1073,1075,1083,1087,1088,1098,1101,1104,1109,1110,1114,1115,1123,1127,1128,1129,1130,1131,1133,1134,1135,1137,1139,1142,1145,1146,1147,1153,1154,1155,1158,1163,1165,1166,1169,1171,1172,1173,1174,1177,1180,1188,1199,1201,1208,1214,1218,1221,1223,1224,1225,1228,1231,1235,1237,1244,1253,1268,1270,1281,1289,1291,1292,1293,1298,1302,1312,1335,1361,1367,1379,1383,1386,1396,1399,1401,1403,1406,1416,1418,1422,1432,1436,1443,1445,1447,1451,1452,1455,1460,1461,1465,1468,1474,1479,1487,1494,1495,1496,1497,1500,1502,1503,1504,1507,1508,1510,1521,1524,1527,1528,1529,1536,1547,1557,1569,1576,1581,1584,1595,1596,1603,1626,1631,1633,1634,1637,1642,1643,1644,1645,1649,1656,1664,1669,1672,1676,1678,1679,1688,1693,1695,1703,1707,1709,1731,1732,1734,1735,1737,1739,1742,1749,1756,1772,1775,1776,1783,1787,1791,1801,1813,1814,1824,1832,1847,1852,1855,1866,1867,1870,1912,1913,1937,1939,1943,1945,1955,1999,2004,2021,2023,2026,2037,2038,2051,2069,2075,2084,2112,2125,2130,2135,2139,2144,2149,2150,2158,2162,2167,2169,2181,2184,2185,2187,2189,2191,2196,2201,2207,2211,2212,2216,2232,2235,2238,2239,2240,2241,2248,2251,2264,2266,2271,2273,2283,2287,2296,2299,2304,2310,2336,2344,2355,2358,2359,2360,2363,2401,2403,2443,2448,2460,2470,2471,2483,2495,2536,2537,2551,2554,2561,2562,2565,2567,2571,2572,2600,2606,2607,2623,2628,2634,2639,2640,2652,2667,2670,2672,2682,2693,2694,2696,2697,2704,2713,2783,2800,2828,2837,2839,2844,2849,2879"
cube150_cluster2,"247,338,382,390,391,411,412,416,443,458,466,468,478,480,498,500,503,514,521,524,536,544,580,601,609,643,644,647,671,700,703,706,726,739,748,750,759,762,769,771,800,817,819,822,855,856,864,866,872,876,891,892,897,912,914,915,916,923,924,933,935,940,941,942,947,953,955,960,973,1004,1008,1012,1020,1035,1036,1053,1066,1067,1068,1072,1074,1076,1079,1089,1094,1095,1097,1121,1124,1126,1143,1164,1168,1178,1184,1186,1191,1202,1207,1210,1213,1215,1232,1241,1242,1255,1257,1262,1265,1273,1276,1279,1280,1288,1296,1305,1308,1310,1316,1318,1321,1322,1324,1325,1326,1329,1343,1345,1346,1352,1354,1371,1377,1381,1390,1415,1421,1425,1428,1429,1441,1448,1453,1458,1459,1464,1475,1481,1483,1488,1489,1490,1493,1498,1501,1511,1514,1517,1533,1538,1540,1541,1542,1546,1550,1554,1558,1561,1564,1566,1574,1580,1583,1586,1594,1602,1609,1610,1612,1613,1617,1618,1621,1622,1624,1627,1635,1648,1650,1653,1665,1667,1702,1704,1705,1718,1719,1721,1730,1744,1751,1753,1758,1761,1770,1781,1784,1789,1790,1794,1795,1799,1800,1802,1805,1807,1826,1828,1835,1836,1839,1843,1844,1848,1849,1850,1851,1858,1864,1871,1873,1874,1878,1881,1883,1890,1891,1899,1901,1904,1906,1907,1911,1922,1924,1927,1930,1931,1936,1944,1949,1956,1959,1963,1965,1969,1976,1987,1990,1996,2003,2005,2012,2015,2016,2018,2022,2024,2030,2031,2032,2036,2039,2042,2043,2044,2049,2054,2055,2056,2058,2059,2070,2074,2077,2078,2079,2081,2090,2098,2102,2107,2113,2136,2138,2140,2152,2155,2159,2160,2170,2172,2175,2198,2203,2204,2220,2225,2226,2227,2247,2250,2252,2268,2276,2281,2284,2285,2288,2292,2294,2297,2301,2306,2308,2321,2322,2338,2340,2345,2351,2356,2357,2365,2367,2368,2375,2376,2383,2391,2395,2404,2406,2412,2417,2422,2423,2428,2430,2431,2439,2451,2457,2463,2465,2467,2468,2473,2485,2488,2491,2493,2494,2502,2504,2507,2517,2520,2521,2524,2525,2539,2543,2546,2548,2549,2552,2553,2555,2566,2568,2569,2573,2574,2575,2584,2587,2593,2594,2595,2604,2605,2608,2609,2613,2614,2619,2622,2632,2633,2642,2643,2653,2655,2660,2663,2668,2674,2686,2687,2690,2691,2695,2698,2699,2703,2706,2711,2715,2723,2730,2731,2738,2739,2745,2750,2755,2761,2764,2765,2771,2774,2789,2797,2798,2806,2808,2809,2811,2812,2817,2821,2823,2832,2833,2835,2840,2841,2843,2852,2854,2859,2866,2867,2882"
cube151_cluster0,"98,100,103,122,125,142,143,152,156,166,169,171,172,178,179,187,194,202,205,209,216,241,242,250,263,264,265,286,293,298,305,309,310,326,346,350,351,355,358,359,361,370,388,394,395,400,410,414,419,428,440,447,450,452,454,457,459,460,461,462,465,467,469,470,476,484,485,489,496,499,502,506,513,515,517,519,520,522,523,526,527,530,531,532,533,534,540,541,545,548,550,558,559,566,567,570,571,572,573,574,575,577,578,582,583,591,592,593,595,597,599,600,602,606,610,616,621,627,628,635,636,640,641,642,646,648,649,650,653,656,661,663,669,673,674,675,676,678,679,681,689,696,697,698,702,704,707,709,714,716,717,720,722,724,727,735,736,737,745,746,747,752,753,754,755,757,758,760,764,776,777,778,779,787,789,790,794,802,808,812,814,820,821,823,825,826,828,830,837,838,842,844,845,846,852,858,860,861,867,869,878,879,880,881,882,883,884,885,886,898,901,903,905,906,909,910,920,922,925,926,927,929,930,931,932,937,939,944,945,950,952,956,957,958,961,967,968,969,974,984,985,987,990,994,997,999,1001,1002,1003,1005,1007,1014,1015,1018,1019,1022,1023,1024,1030,1032,1033,1034,1042,1043,1044,1045,1046,1047,1049,1054,1055,1061,1069,1070,1078,1080,1090,1091,1092,1096,1102,1103,1105,1108,1111,1113,1116,1117,1118,1119,1120,1122,1125,1132,1136,1138,1140,1141,1144,1148,1149,1150,1151,1152,1156,1157,1159,1160,1167,1175,1176,1179,1181,1182,1183,1185,1189,1192,1193,1194,1196,1197,1198,1200,1203,1204,1205,1206,1211,1212,1216,1217,1220,1222,1226,1229,1234,1236,1238,1240,1243,1245,1246,1248,1249,1250,1256,1258,1259,1260,1263,1264,1266,1267,1269,1271,1272,1274,1275,1277,1278,1283,1286,1287,1290,1294,1297,1299,1300,1301,1304,1306,1307,1309,1311,1314,1315,1319,1320,1323,1328,1332,1333,1334,1336,1337,1338,1340,1344,1348,1353,1355,1356,1362,1363,1364,1365,1366,1369,1370,1391,1393,1394,1395,1397,1398,1400,1407,1408,1410,1411,1412,1417,1420,1427,1430,1434,1435,1438,1449,1450,1457,1462,1463,1466,1467,1469,1471,1472,1473,1476,1477,1478,1486,1491,1505,1506,1509,1515,1516,1520,1522,1523,1525,1526,1530,1531,1532,1534,1535,1537,1543,1544,1545,1548,1549,1551,1555,1559,1560,1563,1565,1567,1575,1577,1578,1579,1585,1587,1590,1592,1597,1599,1605,1606,1607,1608,1611,1614,1615,1616,1619,1625,1629,1630,1632,1636,1640,1641,1646,1647,1652,1655,1657,1658,1662,1666,1670,1671,1673,1674,1675,1677,1682,1685,1686,1687,1689,1691,1692,1694,1696,1697,1698,1699,1700,1701,1706,1708,1710,1711,1712,1713,1714,1715,1720,1722,1723,1724,1728,1729,1733,1738,1740,1741,1743,1745,1746,1750,1752,1754,1755,1757,1759,1760,1762,1763,1764,1765,1766,1767,1768,1771,1777,1778,1779,1780,1782,1785,1786,1788,1792,1793,1798,1804,1808,1810,1811,1812,1815,1819,1823,1825,1827,1829,1831,1834,1838,1840,1841,1845,1846,1856,1860,1861,1863,1865,1868,1879,1892,1895,1896,1902,1905,1910,1914,1916,1921,1929,1932,1933,1934,1935,1938,1940,1941,1946,1947,1948,1950,1954,1958,1962,1964,1966,1968,1971,1974,1975,1979,1980,1982,1983,1984,1985,1986,1988,1989,1991,1993,1994,1997,2000,2002,2008,2009,2013,2014,2017,2019,2020,2028,2029,2033,2035,2040,2041,2048,2052,2057,2060,2061,2062,2063,2064,2066,2067,2068,2071,2072,2073,2076,2080,2082,2083,2085,2086,2087,2088,2089,2093,2094,2095,2096,2097,2100,2106,2109,2114,2116,2117,2118,2120,2124,2126,2127,2128,2129,2132,2133,2134,2137,2141,2143,2147,2151,2154,2156,2157,2161,2164,2165,2173,2174,2178,2179,2180,2182,2183,2186,2190,2192,2193,2195,2205,2208,2210,2215,2218,2219,2221,2222,2228,2230,2233,2234,2236,2237,2242,2244,2245,2246,2249,2253,2254,2255,2256,2257,2258,2259,2260,2262,2263,2265,2269,2270,2272,2275,2278,2279,2282,2286,2289,2290,2293,2295,2298,2305,2307,2309,2312,2313,2314,2315,2317,2318,2319,2320,2323,2324,2325,2326,2328,2329,2330,2331,2332,2333,2334,2335,2339,2342,2349,2352,2353,2354,2361,2362,2364,2366,2370,2372,2374,2377,2390,2393,2396,2397,2400,2402,2407,2409,2410,2414,2416,2418,2421,2426,2427,2434,2438,2442,2445,2446,2449,2464,2472,2474,2475,2476,2480,2484,2487,2489,2492,2496,2497,2501,2503,2508,2510,2513,2518,2523,2528,2529,2531,2532,2544,2550,2558,2559,2563,2570,2576,2577,2578,2579,2585,2586,2588,2589,2590,2591,2596,2597,2599,2601,2602,2610,2615,2620,2621,2624,2627,2629,2631,2637,2644,2646,2648,2658,2659,2662,2664,2673,2675,2676,2678,2679,2680,2683,2684,2685,2688,2702,2705,2708,2714,2717,2718,2719,2720,2721,2722,2725,2737,2747,2748,2751,2756,2757,2758,2759,2760,2762,2763,2766,2767,2769,2773,2779,2781,2784,2787,2791,2793,2795,2801,2802,2805,2810,2813,2814,2816,2818,2825,2826,2847,2851,2855,2857,2858,2863,2869,2877,2880,2884"
cube151_cluster1,"8,17,28,32,34,35,37,39,43,47,48,54,55,56,57,58,59,60,63,66,67,68,69,70,71,72,73,74,76,77,79,80,81,83,85,86,87,88,89,90,91,92,93,94,95,96,97,101,102,104,105,106,107,108,109,110,113,115,116,117,121,123,124,126,127,128,129,130,131,132,133,134,136,137,138,139,140,141,144,145,147,148,151,154,155,158,160,161,163,164,165,167,168,170,174,176,177,180,181,182,183,184,185,188,189,193,195,196,197,198,199,201,204,206,207,208,210,211,212,214,217,218,219,220,221,222,223,224,226,227,228,231,232,238,243,244,246,248,249,251,252,253,254,257,258,259,262,268,270,271,272,273,274,277,278,279,280,282,283,285,287,288,290,291,292,294,295,296,299,300,306,307,312,313,315,317,319,320,321,322,323,324,327,328,329,330,331,332,333,334,335,336,337,339,347,349,354,357,360,362,363,364,365,366,367,368,369,374,375,376,377,378,379,380,384,385,386,387,389,392,396,397,401,403,405,406,407,408,409,415,417,418,420,424,430,431,432,433,434,436,437,438,439,446,456,464,472,473,474,475,477,482,486,487,488,490,491,492,493,494,497,501,504,505,510,511,512,516,518,525,538,542,543,549,551,552,553,554,555,556,557,561,565,568,576,587,588,598,604,619,645,652,654,655,657,658,659,662,664,665,667,668,672,683,684,686,687,688,690,691,692,693,694,695,699,701,705,710,715,718,719,721,723,725,728,729,732,733,734,742,743,744,761,766,767,768,770,772,780,781,782,783,784,785,786,792,796,798,799,801,803,804,809,810,811,815,829,831,832,833,834,835,839,840,841,847,848,849,851,854,857,859,862,863,868,870,871,874,875,877,887,888,894,895,896,900,902,913,918,919,928,948,954,965,975,976,977,979,982,983,986,988,989,991,992,993,995,996,998,1016,1025,1029,1031,1040,1041,1048,1050,1051,1057,1059,1062,1064,1065,1071,1073,1075,1083,1087,1088,1098,1101,1104,1109,1110,1114,1115,1123,1127,1128,1129,1130,1131,1133,1134,1135,1137,1139,1142,1145,1146,1147,1153,1154,1155,1158,1163,1165,1166,1169,1171,1172,1173,1174,1177,1180,1188,1199,1201,1208,1214,1218,1221,1223,1224,1225,1228,1231,1235,1237,1244,1253,1268,1270,1281,1289,1291,1292,1293,1298,1302,1312,1335,1361,1367,1379,1383,1386,1396,1399,1401,1403,1406,1416,1418,1422,1432,1436,1443,1445,1447,1451,1452,1455,1460,1461,1465,1468,1474,1479,1487,1494,1495,1496,1497,1500,1502,1503,1504,1507,1508,1510,1521,1524,1527,1528,1529,1536,1547,1557,1569,1576,1581,1584,1595,1596,1603,1626,1631,1633,1634,1637,1642,1643,1644,1645,1649,1656,1664,1669,1672,1676,1678,1679,1688,1693,1695,1703,1707,1709,1731,1732,1734,1735,1737,1739,1742,1749,1756,1772,1775,1776,1783,1787,1791,1801,1813,1814,1824,1832,1847,1852,1855,1866,1867,1870,1912,1913,1937,1939,1943,1945,1955,1999,2004,2021,2023,2026,2037,2038,2051,2069,2075,2084,2112,2125,2130,2135,2139,2144,2149,2150,2158,2162,2167,2169,2181,2184,2185,2187,2189,2191,2196,2201,2207,2211,2212,2216,2232,2235,2238,2239,2240,2241,2248,2251,2264,2266,2271,2273,2283,2287,2296,2299,2304,2310,2336,2344,2355,2358,2359,2360,2363,2401,2403,2443,2448,2460,2470,2471,2483,2495,2536,2537,2551,2554,2561,2562,2565,2567,2571,2572,2600,2606,2607,2623,2628,2634,2639,2640,2652,2667,2670,2672,2682,2693,2694,2696,2697,2704,2713,2783,2800,2828,2837,2839,2844,2849,2879"
cube151_cluster2,"247,338,382,390,391,411,412,416,443,458,466,468,478,480,498,500,503,514,521,524,536,544,580,601,609,643,644,647,671,700,703,706,726,739,748,750,759,762,769,771,800,817,819,822,855,856,864,866,872,876,891,892,897,912,914,915,916,923,924,933,935,940,941,942,947,953,955,960,973,1004,1008,1012,1020,1035,1036,1053,1066,1067,1068,1072,1074,1076,1079,1089,1094,1095,1097,1121,1124,1126,1143,1164,1168,1178,1184,1186,1191,1202,1207,1210,1213,1215,1232,1241,1242,1255,1257,1262,1265,1273,1276,1279,1280,1288,1296,1305,1308,1310,1316,1318,1321,1322,1324,1325,1326,1329,1343,1345,1346,1352,1354,1371,1377,1381,1390,1415,1421,1425,1428,1429,1441,1448,1453,1458,1459,1464,1475,1481,1483,1488,1489,1490,1493,1498,1501,1511,1514,1517,1533,1538,1540,1541,1542,1546,1550,1554,1558,1561,1564,1566,1574,1580,1583,1586,1594,1602,1609,1610,1612,1613,1617,1618,1621,1622,1624,1627,1635,1648,1650,1653,1665,1667,1702,1704,1705,1718,1719,1721,1730,1744,1751,1753,1758,1761,1770,1781,1784,1789,1790,1794,1795,1799,1800,1802,1805,1807,1826,1828,1835,1836,1839,1843,1844,1848,1849,1850,1851,1858,1864,1871,1873,1874,1878,1881,1883,1890,1891,1899,1901,1904,1906,1907,1911,1922,1924,1927,1930,1931,1936,1944,1949,1956,1959,1963,1965,1969,1976,1987,1990,1996,2003,2005,2012,2015,2016,2018,2022,2024,2030,2031,2032,2036,2039,2042,2043,2044,2049,2054,2055,2056,2058,2059,2070,2074,2077,2078,2079,2081,2090,2098,2102,2107,2113,2136,2138,2140,2152,2155,2159,2160,2170,2172,2175,2198,2203,2204,2220,2225,2226,2227,2247,2250,2252,2268,2276,2281,2284,2285,2288,2292,2294,2297,2301,2306,2308,2321,2322,2338,2340,2345,2351,2356,2357,2365,2367,2368,2375,2376,2383,2391,2395,2404,2406,2412,2417,2422,2423,2428,2430,2431,2439,2451,2457,2463,2465,2467,2468,2473,2485,2488,2491,2493,2494,2502,2504,2507,2517,2520,2521,2524,2525,2539,2543,2546,2548,2549,2552,2553,2555,2566,2568,2569,2573,2574,2575,2584,2587,2593,2594,2595,2604,2605,2608,2609,2613,2614,2619,2622,2632,2633,2642,2643,2653,2655,2660,2663,2668,2674,2686,2687,2690,2691,2695,2698,2699,2703,2706,2711,2715,2723,2730,2731,2738,2739,2745,2750,2755,2761,2764,2765,2771,2774,2789,2797,2798,2806,2808,2809,2811,2812,2817,2821,2823,2832,2833,2835,2840,2841,2843,2852,2854,2859,2866,2867,2882"
cube152_cluster0,"346,485,500,600,645,855,891,914,933,953,960,1020,1035,1042,1076,1143,1241,1255,1296,1346,1377,1421,1483,1501,1514,1540,1624,1653,1665,1751,1835,1849,1874,1930,1948,1956,2070,2079,2198,2345,2356,2365,2368,2489,2491,2507,2513,2529,2546,2548,2566,2614,2655,2690,2711,2730,2731,2761,2817,2832,2854,2863"
cube152_cluster1,"122,166,286,293,309,350,382,468,478,480,498,558,640,883,903,956,968,1111,1186,1270,1531,1544,1662,1729,1895,1929,1966,1993,2018,2042,2078,2080,2100,2102,2221,2259,2320,2457,2525,2599,2808,2818"
cube152_cluster2,"597,1275,1329,2475,2675"
cube154_cluster0,"103,125,142,169,171,172,179,182,183,187,194,207,209,216,219,241,247,250,326,351,355,358,361,377,395,412,418,424,428,440,450,458,460,466,467,470,476,489,496,498,499,502,506,513,515,517,519,521,522,524,531,534,541,544,545,548,550,566,567,574,577,578,583,592,606,616,621,627,628,635,636,642,643,646,647,648,653,656,661,663,671,673,675,676,681,689,696,698,700,702,704,706,714,716,717,720,722,724,726,735,736,739,745,747,750,758,759,760,762,764,769,778,787,789,790,802,808,812,817,819,822,830,838,846,852,856,860,861,866,869,872,880,881,884,901,905,906,910,912,916,920,923,924,925,926,927,930,932,937,939,942,944,952,957,967,968,973,974,984,985,987,990,994,997,999,1004,1005,1007,1012,1014,1015,1018,1019,1022,1023,1024,1030,1032,1033,1036,1045,1046,1047,1049,1053,1054,1055,1061,1066,1067,1068,1069,1070,1072,1079,1092,1094,1096,1105,1108,1113,1116,1118,1119,1122,1124,1125,1133,1136,1140,1144,1149,1150,1151,1152,1159,1160,1168,1175,1178,1179,1183,1191,1192,1193,1200,1202,1203,1204,1206,1210,1217,1220,1222,1229,1232,1242,1245,1246,1250,1257,1258,1259,1263,1264,1265,1267,1269,1271,1274,1276,1277,1279,1286,1294,1297,1299,1300,1305,1307,1308,1310,1311,1314,1315,1316,1318,1319,1321,1323,1325,1332,1334,1336,1340,1343,1348,1354,1355,1356,1363,1364,1369,1377,1391,1395,1400,1408,1417,1427,1429,1430,1434,1435,1438,1441,1448,1449,1450,1453,1457,1458,1459,1462,1463,1464,1466,1475,1477,1481,1486,1488,1490,1491,1505,1506,1508,1509,1511,1517,1520,1522,1526,1530,1532,1533,1534,1535,1537,1538,1541,1543,1548,1551,1554,1558,1560,1564,1574,1577,1578,1579,1580,1586,1594,1599,1607,1608,1610,1613,1615,1617,1619,1625,1629,1632,1636,1640,1648,1650,1652,1655,1657,1666,1673,1677,1682,1686,1687,1691,1692,1694,1696,1698,1700,1702,1704,1706,1712,1718,1721,1722,1728,1729,1730,1738,1740,1741,1744,1745,1752,1754,1757,1760,1766,1768,1778,1780,1782,1785,1789,1792,1794,1795,1798,1804,1808,1825,1828,1831,1835,1836,1838,1840,1841,1844,1845,1846,1850,1851,1860,1861,1863,1871,1873,1901,1902,1904,1905,1906,1907,1911,1914,1921,1922,1927,1931,1933,1935,1936,1938,1941,1943,1947,1958,1959,1965,1968,1969,1971,1974,1976,1980,1982,1983,1984,1987,1988,1990,1996,1997,2000,2008,2009,2013,2014,2016,2017,2020,2022,2028,2029,2030,2031,2035,2036,2040,2041,2043,2048,2049,2052,2054,2055,2056,2057,2058,2060,2061,2062,2063,2064,2066,2067,2068,2071,2072,2073,2076,2078,2080,2081,2083,2085,2086,2087,2088,2090,2093,2096,2098,2113,2116,2117,2126,2128,2129,2133,2134,2138,2143,2151,2152,2155,2157,2160,2161,2170,2172,2173,2179,2180,2183,2190,2192,2195,2203,2205,2208,2215,2218,2219,2220,2221,2222,2225,2226,2227,2228,2230,2234,2236,2247,2249,2250,2257,2258,2262,2268,2269,2270,2272,2276,2282,2286,2288,2292,2293,2298,2306,2309,2315,2317,2319,2321,2322,2326,2329,2330,2332,2335,2339,2340,2342,2352,2354,2362,2364,2365,2367,2372,2374,2383,2397,2400,2406,2407,2417,2422,2423,2426,2427,2428,2430,2431,2438,2445,2463,2465,2468,2473,2476,2480,2484,2485,2493,2497,2503,2504,2510,2518,2521,2525,2531,2532,2537,2539,2544,2549,2550,2553,2554,2555,2558,2559,2563,2565,2566,2568,2570,2571,2573,2574,2576,2577,2578,2579,2587,2588,2590,2594,2595,2596,2601,2602,2604,2608,2609,2610,2620,2622,2627,2631,2633,2637,2642,2643,2653,2658,2659,2660,2662,2663,2664,2668,2676,2678,2679,2680,2683,2684,2687,2688,2695,2698,2699,2702,2703,2705,2706,2708,2715,2721,2722,2739,2745,2748,2751,2762,2763,2766,2769,2787,2791,2801,2805,2806,2809,2812,2816,2821,2826,2833,2835,2837,2841,2843,2851,2855,2858,2859,2866,2867,2877"
cube154_cluster1,"32,34,47,48,55,56,59,66,67,68,69,74,76,83,87,88,89,90,94,95,96,97,102,104,106,107,108,109,110,123,124,126,128,129,130,131,132,133,134,136,139,145,151,161,164,165,170,180,181,184,185,188,189,193,197,199,204,208,210,211,212,214,217,220,222,223,227,238,249,251,252,257,258,259,262,264,265,268,271,272,274,277,280,282,294,296,300,305,306,307,310,315,319,322,323,327,328,329,330,333,334,336,359,360,362,365,366,367,368,369,370,374,375,376,378,380,384,385,386,387,388,389,392,394,396,397,401,403,408,409,410,417,433,434,438,454,462,465,472,473,475,477,482,484,486,487,488,490,491,493,494,497,501,505,510,516,518,525,527,530,549,551,554,557,565,568,570,587,591,593,595,597,602,650,652,655,657,658,659,662,664,665,667,668,669,672,683,686,687,688,690,691,692,693,694,695,699,701,705,707,709,710,718,719,721,729,732,733,734,744,755,761,770,772,784,785,792,796,804,810,814,821,826,842,844,849,857,862,867,868,877,878,882,885,895,896,898,900,902,909,913,919,928,948,965,969,975,976,977,979,982,983,986,988,989,991,992,993,995,996,998,1001,1003,1016,1025,1029,1031,1034,1040,1041,1043,1048,1050,1051,1057,1059,1065,1071,1073,1083,1088,1102,1104,1109,1110,1130,1137,1153,1154,1155,1156,1163,1171,1172,1173,1180,1181,1182,1188,1196,1197,1199,1208,1211,1212,1214,1216,1218,1221,1228,1231,1235,1237,1238,1248,1253,1266,1272,1281,1283,1289,1290,1292,1293,1338,1353,1362,1367,1370,1383,1406,1411,1418,1420,1422,1432,1436,1443,1445,1447,1451,1452,1455,1460,1461,1467,1468,1469,1471,1472,1474,1476,1479,1487,1494,1495,1496,1497,1502,1503,1504,1507,1510,1516,1521,1524,1527,1528,1529,1536,1549,1565,1567,1569,1581,1584,1595,1616,1630,1634,1646,1649,1664,1678,1708,1710,1711,1713,1739,1743,1749,1755,1759,1762,1763,1764,1775,1777,1787,1791,1801,1811,1812,1813,1815,1824,1827,1834,1852,1855,1856,1867,1868,1937,1940,1946,1950,1955,1989,1999,2002,2004,2021,2023,2026,2033,2037,2038,2051,2075,2082,2084,2095,2120,2132,2149,2150,2158,2169,2178,2184,2187,2189,2196,2201,2211,2216,2233,2237,2238,2241,2242,2244,2246,2248,2253,2254,2255,2265,2273,2283,2287,2295,2304,2307,2314,2318,2323,2353,2360,2370,2390,2402,2409,2410,2416,2418,2446,2460,2487,2492,2536,2551,2561,2562,2567,2572,2591,2606,2623,2639,2667,2670,2672,2673,2694,2704,2713,2714,2720,2757,2781,2784,2813,2825,2828,2839,2844,2880"
cube154_cluster2,"202,231,283,287,290,293,339,349,354,405,407,431,457,520,523,532,540,542,543,552,555,556,559,561,571,573,598,619,641,725,737,743,746,754,757,766,767,776,779,780,781,782,783,798,801,803,809,811,815,823,825,829,831,832,833,834,835,837,839,840,847,848,858,863,870,871,874,883,887,888,918,922,929,954,956,958,1062,1064,1075,1078,1087,1091,1098,1114,1115,1117,1120,1123,1127,1128,1131,1132,1134,1135,1138,1139,1142,1145,1146,1147,1157,1165,1166,1167,1169,1174,1176,1177,1185,1189,1194,1205,1223,1224,1225,1226,1236,1240,1244,1249,1256,1287,1298,1302,1312,1320,1361,1365,1386,1393,1394,1407,1410,1416,1545,1555,1559,1563,1575,1576,1587,1596,1597,1603,1606,1611,1614,1626,1631,1637,1642,1643,1644,1647,1656,1670,1671,1672,1675,1676,1679,1685,1688,1689,1693,1695,1697,1699,1701,1703,1707,1709,1715,1720,1723,1731,1732,1733,1734,1735,1737,1742,1746,1756,1767,1771,1772,1779,1783,1786,1788,1793,1810,1814,1823,1829,1832,1847,1865,1870,1892,1895,1896,1913,1929,1939,1945,1975,1985,1991,1994,2069,2089,2094,2097,2106,2109,2112,2124,2125,2127,2139,2141,2144,2147,2154,2156,2164,2165,2167,2174,2181,2182,2185,2186,2191,2193,2207,2210,2212,2232,2235,2239,2240,2245,2251,2256,2259,2260,2264,2271,2275,2278,2279,2289,2290,2296,2299,2305,2310,2313,2320,2324,2325,2328,2331,2344,2349,2351,2355,2358,2359,2361,2363,2377,2393,2401,2403,2414,2421,2442,2443,2448,2449,2457,2470,2471,2472,2474,2495,2496,2501,2508,2523,2585,2586,2599,2600,2607,2615,2621,2624,2628,2629,2634,2644,2646,2648,2652,2682,2685,2693,2696,2697,2717,2737,2747,2758,2760,2767,2779,2783,2795,2802,2814,2847,2849,2857,2869,2879,2884"
cube155_cluster0,"103,125,142,169,171,172,179,182,183,187,194,207,209,216,219,241,247,250,326,351,355,358,361,377,395,412,418,424,428,440,450,458,460,466,467,470,476,489,496,498,499,502,506,513,515,517,519,521,522,524,531,534,541,544,545,548,550,566,567,574,577,578,583,592,606,616,621,627,628,635,636,642,643,646,647,648,653,656,661,663,671,673,675,676,681,689,696,698,700,702,704,706,714,716,717,720,722,724,726,735,736,739,745,747,750,758,759,760,762,764,769,778,787,789,790,802,808,812,817,819,822,830,838,846,852,856,860,861,866,869,872,880,881,884,901,905,906,910,912,916,920,923,924,925,926,927,930,932,937,939,942,944,952,957,967,968,973,974,984,985,987,990,994,997,999,1004,1005,1007,1012,1014,1015,1018,1019,1022,1023,1024,1030,1032,1033,1036,1045,1046,1047,1049,1053,1054,1055,1061,1066,1067,1068,1069,1070,1072,1079,1092,1094,1096,1105,1108,1113,1116,1118,1119,1122,1124,1125,1133,1136,1140,1144,1149,1150,1151,1152,1159,1160,1168,1175,1178,1179,1183,1191,1192,1193,1200,1202,1203,1204,1206,1210,1217,1220,1222,1229,1232,1242,1245,1246,1250,1257,1258,1259,1263,1264,1265,1267,1269,1271,1274,1276,1277,1279,1286,1294,1297,1299,1300,1305,1307,1308,1310,1311,1314,1315,1316,1318,1319,1321,1323,1325,1332,1334,1336,1340,1343,1348,1354,1355,1356,1363,1364,1369,1377,1391,1395,1400,1408,1417,1427,1429,1430,1434,1435,1438,1441,1448,1449,1450,1453,1457,1458,1459,1462,1463,1464,1466,1475,1477,1481,1486,1488,1490,1491,1505,1506,1508,1509,1511,1517,1520,1522,1526,1530,1532,1533,1534,1535,1537,1538,1541,1543,1548,1551,1554,1558,1560,1564,1574,1577,1578,1579,1580,1586,1594,1599,1607,1608,1610,1613,1615,1617,1619,1625,1629,1632,1636,1640,1648,1650,1652,1655,1657,1666,1673,1677,1682,1686,1687,1691,1692,1694,1696,1698,1700,1702,1704,1706,1712,1718,1721,1722,1728,1729,1730,1738,1740,1741,1744,1745,1752,1754,1757,1760,1766,1768,1778,1780,1782,1785,1789,1792,1794,1795,1798,1804,1808,1825,1828,1831,1835,1836,1838,1840,1841,1844,1845,1846,1850,1851,1860,1861,1863,1871,1873,1901,1902,1904,1905,1906,1907,1911,1914,1921,1922,1927,1931,1933,1935,1936,1938,1941,1943,1947,1958,1959,1965,1968,1969,1971,1974,1976,1980,1982,1983,1984,1987,1988,1990,1996,1997,2000,2008,2009,2013,2014,2016,2017,2020,2022,2028,2029,2030,2031,2035,2036,2040,2041,2043,2048,2049,2052,2054,2055,2056,2057,2058,2060,2061,2062,2063,2064,2066,2067,2068,2071,2072,2073,2076,2078,2080,2081,2083,2085,2086,2087,2088,2090,2093,2096,2098,2113,2116,2117,2126,2128,2129,2133,2134,2138,2143,2151,2152,2155,2157,2160,2161,2170,2172,2173,2179,2180,2183,2190,2192,2195,2203,2205,2208,2215,2218,2219,2220,2221,2222,2225,2226,2227,2228,2230,2234,2236,2247,2249,2250,2257,2258,2262,2268,2269,2270,2272,2276,2282,2286,2288,2292,2293,2298,2306,2309,2315,2317,2319,2321,2322,2326,2329,2330,2332,2335,2339,2340,2342,2352,2354,2362,2364,2365,2367,2372,2374,2383,2397,2400,2406,2407,2417,2422,2423,2426,2427,2428,2430,2431,2438,2445,2463,2465,2468,2473,2476,2480,2484,2485,2493,2497,2503,2504,2510,2518,2521,2525,2531,2532,2537,2539,2544,2549,2550,2553,2554,2555,2558,2559,2563,2565,2566,2568,2570,2571,2573,2574,2576,2577,2578,2579,2587,2588,2590,2594,2595,2596,2601,2602,2604,2608,2609,2610,2620,2622,2627,2631,2633,2637,2642,2643,2653,2658,2659,2660,2662,2663,2664,2668,2676,2678,2679,2680,2683,2684,2687,2688,2695,2698,2699,2702,2703,2705,2706,2708,2715,2721,2722,2739,2745,2748,2751,2762,2763,2766,2769,2787,2791,2801,2805,2806,2809,2812,2816,2821,2826,2833,2835,2837,2841,2843,2851,2855,2858,2859,2866,2867,2877"
cube155_cluster1,"32,34,47,48,55,56,59,66,67,68,69,74,76,83,87,88,89,90,94,95,96,97,102,104,106,107,108,109,110,123,124,126,128,129,130,131,132,133,134,136,139,145,151,161,164,165,170,180,181,184,185,188,189,193,197,199,204,208,210,211,212,214,217,220,222,223,227,238,249,251,252,257,258,259,262,264,265,268,271,272,274,277,280,282,294,296,300,305,306,307,310,315,319,322,323,327,328,329,330,333,334,336,359,360,362,365,366,367,368,369,370,374,375,376,378,380,384,385,386,387,388,389,392,394,396,397,401,403,408,409,410,417,433,434,438,454,462,465,472,473,475,477,482,484,486,487,488,490,491,493,494,497,501,505,510,516,518,525,527,530,549,551,554,557,565,568,570,587,591,593,595,597,602,650,652,655,657,658,659,662,664,665,667,668,669,672,683,686,687,688,690,691,692,693,694,695,699,701,705,707,709,710,718,719,721,729,732,733,734,744,755,761,770,772,784,785,792,796,804,810,814,821,826,842,844,849,857,862,867,868,877,878,882,885,895,896,898,900,902,909,913,919,928,948,965,969,975,976,977,979,982,983,986,988,989,991,992,993,995,996,998,1001,1003,1016,1025,1029,1031,1034,1040,1041,1043,1048,1050,1051,1057,1059,1065,1071,1073,1083,1088,1102,1104,1109,1110,1130,1137,1153,1154,1155,1156,1163,1171,1172,1173,1180,1181,1182,1188,1196,1197,1199,1208,1211,1212,1214,1216,1218,1221,1228,1231,1235,1237,1238,1248,1253,1266,1272,1281,1283,1289,1290,1292,1293,1338,1353,1362,1367,1370,1383,1406,1411,1418,1420,1422,1432,1436,1443,1445,1447,1451,1452,1455,1460,1461,1467,1468,1469,1471,1472,1474,1476,1479,1487,1494,1495,1496,1497,1502,1503,1504,1507,1510,1516,1521,1524,1527,1528,1529,1536,1549,1565,1567,1569,1581,1584,1595,1616,1630,1634,1646,1649,1664,1678,1708,1710,1711,1713,1739,1743,1749,1755,1759,1762,1763,1764,1775,1777,1787,1791,1801,1811,1812,1813,1815,1824,1827,1834,1852,1855,1856,1867,1868,1937,1940,1946,1950,1955,1989,1999,2002,2004,2021,2023,2026,2033,2037,2038,2051,2075,2082,2084,2095,2120,2132,2149,2150,2158,2169,2178,2184,2187,2189,2196,2201,2211,2216,2233,2237,2238,2241,2242,2244,2246,2248,2253,2254,2255,2265,2273,2283,2287,2295,2304,2307,2314,2318,2323,2353,2360,2370,2390,2402,2409,2410,2416,2418,2446,2460,2487,2492,2536,2551,2561,2562,2567,2572,2591,2606,2623,2639,2667,2670,2672,2673,2694,2704,2713,2714,2720,2757,2781,2784,2813,2825,2828,2839,2844,2880"
cube155_cluster2,"202,231,283,287,290,293,339,349,354,405,407,431,457,520,523,532,540,542,543,552,555,556,559,561,571,573,598,619,641,725,737,743,746,754,757,766,767,776,779,780,781,782,783,798,801,803,809,811,815,823,825,829,831,832,833,834,835,837,839,840,847,848,858,863,870,871,874,883,887,888,918,922,929,954,956,958,1062,1064,1075,1078,1087,1091,1098,1114,1115,1117,1120,1123,1127,1128,1131,1132,1134,1135,1138,1139,1142,1145,1146,1147,1157,1165,1166,1167,1169,1174,1176,1177,1185,1189,1194,1205,1223,1224,1225,1226,1236,1240,1244,1249,1256,1287,1298,1302,1312,1320,1361,1365,1386,1393,1394,1407,1410,1416,1545,1555,1559,1563,1575,1576,1587,1596,1597,1603,1606,1611,1614,1626,1631,1637,1642,1643,1644,1647,1656,1670,1671,1672,1675,1676,1679,1685,1688,1689,1693,1695,1697,1699,1701,1703,1707,1709,1715,1720,1723,1731,1732,1733,1734,1735,1737,1742,1746,1756,1767,1771,1772,1779,1783,1786,1788,1793,1810,1814,1823,1829,1832,1847,1865,1870,1892,1895,1896,1913,1929,1939,1945,1975,1985,1991,1994,2069,2089,2094,2097,2106,2109,2112,2124,2125,2127,2139,2141,2144,2147,2154,2156,2164,2165,2167,2174,2181,2182,2185,2186,2191,2193,2207,2210,2212,2232,2235,2239,2240,2245,2251,2256,2259,2260,2264,2271,2275,2278,2279,2289,2290,2296,2299,2305,2310,2313,2320,2324,2325,2328,2331,2344,2349,2351,2355,2358,2359,2361,2363,2377,2393,2401,2403,2414,2421,2442,2443,2448,2449,2457,2470,2471,2472,2474,2495,2496,2501,2508,2523,2585,2586,2599,2600,2607,2615,2621,2624,2628,2629,2634,2644,2646,2648,2652,2682,2685,2693,2696,2697,2717,2737,2747,2758,2760,2767,2779,2783,2795,2802,2814,2847,2849,2857,2869,2879,2884"
cube156_cluster0,"293,498,883,968,1377,1729,1835,2078,2080,2221,2259,2320,2365,2457,2525,2566,2599"
cube156_cluster1,597
cube156_cluster2,"956,1895,1929"
